{
    "name": "blueview_intent_extrct",
    "business_domain": "cns",
    "source_system_code": "blueview",
    "description": "This is intent Extract that include Intents data from BlueView from Nasco.",
    "file_format": "DELIMITED",
    "delimiter": ",",
    "file_naming_format": "(MNASC|PNASC).ServiceIntent_Closed_Feed_d{15}.csv",
    "partition_keys": ["feed_dt"],
    "ingest_type": "FILE",
    "multi_record_type_indicator": "",
    "multi_record_type_indicator_pos": "",
    "raw_schema": [
        {
            "name": "interaction_id",
            "type": "STRING",
            "nullable": true,
            "metadata": {
                "id": 1,
                "description": "Interaction (parent) workitem ID.",
                "position": 1,
                "size": 256
            }
        },
        {
            "name": "service_intent_id",
            "type": "STRING",
            "nullable": true,
            "metadata": {
                "id": 2,
                "description": "ID of the Intent (child) workitem.",
                "position": 2,
                "size": 256
            }
        },
        {
            "name": "service_intent_type_description",
            "type": "STRING",
            "nullable": true,
            "metadata": {
                "id": 3,
                "description": "Description of the Intent (child) workitem type.",
                "position": 3,
                "size": 50
            }
        },
        {
            "name": "entry_date_of_intent",
            "type": "STRING",
            "nullable": true,
            "metadata": {
                "id": 4,
                "description": "Date and time the Intent (child) workitem was created.",
                "position": 4,
                "size": 26
            }
        },
        {
            "name": "entry_work_group",
            "type": "STRING",
            "nullable": true,
            "metadata": {
                "id": 5,
                "description": "Work group associated with the user who created the Intent (child) workitem at the time of creation.",
                "position": 5,
                "size": 150
            }
        },
        {
            "name": "resolved_date_of_intent",
            "type": "STRING",
            "nullable": true,
            "metadata": {
                "id": 6,
                "description": "Resolved Date of the Intent (child) workitem.",
                "position": 6,
                "size": 26
            }
        },
        {
            "name": "intent_resolved_user_id",
            "type": "STRING",
            "nullable": true,
            "metadata": {
                "id": 7,
                "description": "ID of the user who resolved the Intent (child) workitem.",
                "position": 7,
                "size": 256
            }
        },
        {
            "name": "intent_resolved_user_name",
            "type": "STRING",
            "nullable": true,
            "metadata": {
                "id": 8,
                "description": "Name of the user who resolved the Intent (child) workitem.",
                "position": 8,
                "size": 256
            }
        },
        {
            "name": "intent_contract_id",
            "type": "STRING",
            "nullable": true,
            "metadata": {
                "id": 9,
                "description": "Contract ID of the Subscriber on the contract  associated with the Intent (child) workitem.",
                "position": 9,
                "size": 50
            }
        },
        {
            "name": "intent_member_id",
            "type": "STRING",
            "nullable": true,
            "metadata": {
                "id": 10,
                "description": "2 digit NASCO member ID of the member associated with the Intent (child) workitem.",
                "position": 10,
                "size": 50
            }
        },
        {
            "name": "intent_account_name",
            "type": "STRING",
            "nullable": true,
            "metadata": {
                "id": 11,
                "description": "Name of the account on the contract associated with the Intent (child).",
                "position": 11,
                "size": 128
            }
        },
        {
            "name": "intent_account_number",
            "type": "STRING",
            "nullable": true,
            "metadata": {
                "id": 12,
                "description": "7 digit RTMS Account Number on the contract associated with the Intent (child).",
                "position": 12,
                "size": 50
            }
        },
        {
            "name": "intent_group_name",
            "type": "STRING",
            "nullable": true,
            "metadata": {
                "id": 13,
                "description": "Name of the group on the contract associated with the Intent (child).",
                "position": 13,
                "size": 256
            }
        },
        {
            "name": "intent_group_number",
            "type": "STRING",
            "nullable": true,
            "metadata": {
                "id": 14,
                "description": "9 digit RTMS Group Number on the contract associated with the Intent (child).",
                "position": 14,
                "size": 50
            }
        },
        {
            "name": "intent_uacc",
            "type": "STRING",
            "nullable": true,
            "metadata": {
                "id": 15,
                "description": "UACC (4 digit code) on the contract associated with the Intent (child) workitem.",
                "position": 15,
                "size": 50
            }
        },
        {
            "name": "intent_uacc_description",
            "type": "STRING",
            "nullable": true,
            "metadata": {
                "id": 16,
                "description": "Description of the UACC on the contract associated with the Intent (child) workitem.",
                "position": 16,
                "size": 255
            }
        },
        {
            "name": "claim_number",
            "type": "STRING",
            "nullable": true,
            "metadata": {
                "id": 17,
                "description": "Claim Number associated with the Intent (child) workitem.",
                "position": 17,
                "size": 32
            }
        },
        {
            "name": "service_exception_scenario",
            "type": "STRING",
            "nullable": true,
            "metadata": {
                "id": 18,
                "description": "Service Exception Scenario associated with the Manage Claims Intent (child).",
                "position": 18,
                "size": 256
            }
        },
        {
            "name": "service_exception_reason",
            "type": "STRING",
            "nullable": true,
            "metadata": {
                "id": 19,
                "description": "Service Exception Reason associated with the Manage Claims Intent (child).",
                "position": 19,
                "size": 256
            }
        },
        {
            "name": "type_of_response_to_customer",
            "type": "STRING",
            "nullable": true,
            "metadata": {
                "id": 20,
                "description": "Value entered in How will you respond to the customer? field on the Select Customer Response Type screen (child)",
                "position": 20,
                "size": 255
            }
        },
        {
            "name": "reason_for_callback",
            "type": "STRING",
            "nullable": true,
            "metadata": {
                "id": 21,
                "description": "Reason for callback entered on Respond to Customer – Callback screen (child)",
                "position": 21,
                "size": 250
            }
        },
        {
            "name": "intent_benefit_category_discussed",
            "type": "STRING",
            "nullable": true,
            "metadata": {
                "id": 22,
                "description": "Within the View Benefits intent, the category of the benefit that was quoted.",
                "position": 22,
                "size": 100
            }
        },
        {
            "name": "intent_benefit_subcategory_discussed",
            "type": "STRING",
            "nullable": true,
            "metadata": {
                "id": 23,
                "description": "Within the View Benefits intent, the subcategory of the benefit that was quoted.",
                "position": 23,
                "size": 100
            }
        },
       {
            "name": "service_intent_comments",
            "type": "STRING",
            "nullable": true,
            "metadata": {
                "id": 24,
                "description": "SERVICE INTENT WRAPUP COMMENTS field contains Comments entered in the Comments field when submitting or cancelling an Intent (child).",
                "position": 24,
                "size": 1000
            }
        },
        {
            "name": "other_comments",
            "type": "STRING",
            "nullable": true,
            "metadata": {
                "id": 25,
                "description": "COMMENTS field contains other comments not captured in the INTERACTION WRAPUP COMMENTS or SERVICE INTENT WRAPUP COMMENTS, including any comments entered by back office users when processing work.",
                "position": 25,
                "size": 1000
            }
        },
        {
            "name": "date_document_request_sent_to_vendor",
            "type": "STRING",
            "nullable": true,
            "metadata": {
                "id": 26,
                "description": "For Fulfillment items fulfilled by 3rd party vendor, value represents the date the Fulfillment item was included in the batch file.",
                "position": 26,
                "size": 26
            }
        },
        {
            "name": "document_code",
            "type": "STRING",
            "nullable": true,
            "metadata": {
                "id": 27,
                "description": "Document Code of the Fulfillment item requested.  ",
                "position": 27,
                "size": 32
            }
        },
        {
            "name": "member_received_bill",
            "type": "STRING",
            "nullable": true,
            "metadata": {
                "id": 28,
                "description": "For Service Exception Requests, value entered by user to indicate if member received a bill or not.",
                "position": 28,
                "size": 32
            }
        },
        {
            "name": "advised_member_of_seep_process",
            "type": "STRING",
            "nullable": true,
            "metadata": {
                "id": 29,
                "description": "For Service Exception Requests, value entered by user to indicate if member has been advised of the plan process for Service Exception requests.",
                "position": 29,
                "size": 256
            }
        },
        {
            "name": "leader_approval_received",
            "type": "STRING",
            "nullable": true,
            "metadata": {
                "id": 30,
                "description": "For Service Exception Requests, value entered by user to indicate if leader approval has been received.",
                "position": 30,
                "size": 32
            }
        },
        {
            "name": "leader_name",
            "type": "STRING",
            "nullable": true,
            "metadata": {
                "id": 31,
                "description": "For Service Exception Requests, value entered by user to indicate the name of the leader who approved the request.",
                "position": 31,
                "size": 256
            }
        },
        {
            "name": "amount_asked_to_be_paid",
            "type": "STRING",
            "nullable": true,
            "metadata": {
                "id": 32,
                "description": "For Service Exception Requests, value entered by user to indicate the dollar amount being requested.",
                "position": 32,
                "size": 32
            }
        },
        {
            "name": "applies_to_entire_claim",
            "type": "STRING",
            "nullable": true,
            "metadata": {
                "id": 33,
                "description": "For Service Exception Requests, value entered by user to indicate if exception request applies to the entire claim.",
                "position": 33,
                "size": 32
            }
        },
        {
            "name": "how_to_proceed_with_adjustment",
            "type": "STRING",
            "nullable": true,
            "metadata": {
                "id": 34,
                "description": "For complex adjustments, value selected by user to indicate the action to proceed with the complex adjustment",
                "position": 34,
                "size": 150
            }
        },
        {
            "name": "final_reason_to_adjust",
            "type": "STRING",
            "nullable": true,
            "metadata": {
                "id": 35,
                "description": "For complex adjustments, value selected by user to indicate the final reason for the adjustment.",
                "position": 35,
                "size": 256
            }
        },
        {
            "name": "pcp_reason_for_change",
            "type": "STRING",
            "nullable": true,
            "metadata": {
                "id": 36,
                "description": "For PCP/POC Update requests, value selected by user to indicate the reason the member wishes to change PCP.",
                "position": 36,
                "size": 150
            }
        },
        {
            "name": "chart_letter_delivery_method",
            "type": "STRING",
            "nullable": true,
            "metadata": {
                "id": 37,
                "description": "For Chart Letter requests, value selected by user to indicate how the caller would like to receive the chart letter.",
                "position": 37,
                "size": 256
            }
        },
        {
            "name": "billing_cancel_reason",
            "type": "STRING",
            "nullable": true,
            "metadata": {
                "id": 38,
                "description": "For Manage Billing, Cancel Policy requests, value selected by user to indicate the reason (subcategory) for cancelling the policy.",
                "position": 38,
                "size": 150
            }
        },
        {
            "name": "outbound_call_type",
            "type": "STRING",
            "nullable": true,
            "metadata": {
                "id": 39,
                "description": "For Outbound Calls, value selected by user to indicate the type of outbound call being made (e.g. Member Outreach, Third Party Outreach, Call Campaign).",
                "position": 39,
                "size": 150
            }
        },
        {
            "name": "outbound_call_outcome",
            "type": "STRING",
            "nullable": true,
            "metadata": {
                "id": 40,
                "description": "For Outbound Calls, value selected by user to indicate the the result of the outbound call.",
                "position": 40,
                "size": 150
            }
        },
        {
            "name": "third_party_type",
            "type": "STRING",
            "nullable": true,
            "metadata": {
                "id": 41,
                "description": "For Outbound Calls to third parties, value selected or entered by user indicating to whom the call was made.",
                "position": 41,
                "size": 150
            }
        },
        {
            "name": "initiating_team",
            "type": "STRING",
            "nullable": true,
            "metadata": {
                "id": 42,
                "description": "For Outbound Call campaigns, value selected or entered by user indicating which team made the call.",
                "position": 42,
                "size": 150
            }
        },
        {
            "name": "outbound_call_reason",
            "type": "STRING",
            "nullable": true,
            "metadata": {
                "id": 43,
                "description": "For Outbound Call campaigns, value selected or entered by user indicating the reason the call was made.",
                "position": 43,
                "size": 150
            }
        },
        {
            "name": "call_attempt",
            "type": "STRING",
            "nullable": true,
            "metadata": {
                "id": 44,
                "description": "For Outbound Call campaigns, value selected by user indicating how many times an attempt was made to reach the member.",
                "position": 44,
                "size": 32
            }
        },
        {
            "name": "interest",
            "type": "STRING",
            "nullable": true,
            "metadata": {
                "id": 45,
                "description": "For Outbound Call campaigns, when the member has been reached successfully, value selected by user indicating whether the member is interested or not.",
                "position": 45,
                "size": 32
            }
        },
        {
            "name": "call_campaign_name",
            "type": "STRING",
            "nullable": true,
            "metadata": {
                "id": 46,
                "description": "For Outbound Call campaigns, value entered by user to indicate which campaign the call is associated with.",
                "position": 46,
                "size": 150
            }
        },
        {
            "name": "care_mgmt_category",
            "type": "STRING",
            "nullable": true,
            "metadata": {
                "id": 47,
                "description": "For Coordinate Care Management intents, value of the category of the clinical alert being addressed.",
                "position": 47,
                "size": 150
            }
        },
        {
            "name": "care_mgmt_subcategory",
            "type": "STRING",
            "nullable": true,
            "metadata": {
                "id": 48,
                "description": "For Coordinate Care Management intents, value of the subcategory of the clinical alert being addressed.",
                "position": 48,
                "size": 150
            }
        },
        {
            "name": "care_mgmt_engagement",
            "type": "STRING",
            "nullable": true,
            "metadata": {
                "id": 49,
                "description": "For Coordinate Care Management intents, value selected by user to indicate if/how the member responded to the clinical alert outreach.",
                "position": 49,
                "size": 150
            }
        },
        {
            "name": "rekeyed_claim_number",
            "type": "STRING",
            "nullable": true,
            "metadata": {
                "id": 50,
                "description": "Value is the new claim number that was rekeyed as a result of a complex claim adjustment.",
                "position": 50,
                "size": 150
            }
        },
        {
            "name": "gsi_category",
            "type": "STRING",
            "nullable": true,
            "metadata": {
                "id": 51,
                "description": "For GSI intents, value selected by user to indicate the category of the request.",
                "position": 51,
                "size": 200
            }
        },
        {
            "name": "gsi_subcategory",
            "type": "STRING",
            "nullable": true,
            "metadata": {
                "id": 52,
                "description": "For GSI intents, value selected by user to indicate the subcategory of the request.",
                "position": 52,
                "size": 200
            }
        },
        {
            "name": "gsi_manager_approval",
            "type": "STRING",
            "nullable": true,
            "metadata": {
                "id": 53,
                "description": "For GSI intents, when Category Medicare Advantage Medical Appeal is selected, value entered by user in the Manager Approval field.",
                "position": 53,
                "size": 32
            }
        },
        {
            "name": "gsi_requestor_name",
            "type": "STRING",
            "nullable": true,
            "metadata": {
                "id": 54,
                "description": "For GSI intents, value entered by user in the Requestor details section.",
                "position": 54,
                "size": 255
            }
        },
        {
            "name": "gsi_requestor_phone",
            "type": "STRING",
            "nullable": true,
            "metadata": {
                "id": 55,
                "description": "For GSI intents, value entered by user in the Requestor details section",
                "position": 55,
                "size": 32
            }
        },
        {
            "name": "gsi_requestor_address",
            "type": "STRING",
            "nullable": true,
            "metadata": {
                "id": 56,
                "description": "For GSI intents, value entered by user in the Requestor details section.",
                "position": 56,
                "size": 255
            }
        },
        {
            "name": "gsi_requestor_relationship",
            "type": "STRING",
            "nullable": true,
            "metadata": {
                "id": 57,
                "description": "For GSI intents, value entered by user to indicate the relationship of the requestor .",
                "position": 57,
                "size": 150
            }
        },
        {
            "name": "gsi_physician_name",
            "type": "STRING",
            "nullable": true,
            "metadata": {
                "id": 58,
                "description": "For GSI intents, value entered by user to indicate the name of the physician.",
                "position": 58,
                "size": 255
            }
        },
        {
            "name": "gsi_physician_phone",
            "type": "STRING",
            "nullable": true,
            "metadata": {
                "id": 59,
                "description": "For GSI intents, value entered by user to indicate the name of the physician .",
                "position": 59,
                "size": 32
            }
        },
        {
            "name": "gsi_qualified_program",
            "type": "STRING",
            "nullable": true,
            "metadata": {
                "id": 60,
                "description": "For GSI intents, when Category Medicare Advantage Fitness/Weight Loss Claim Submission is selected, value entered by user in the Qualified Class/Program name field.",
                "position": 60,
                "size": 255
            }
        },
        {
            "name": "gsi_service_requested",
            "type": "STRING",
            "nullable": true,
            "metadata": {
                "id": 61,
                "description": "For GSI intents, when Category Medicare Advantage Organization Determination is selected, value entered by user in the Service/supply requested field.",
                "position": 61,
                "size": 32
            }
        },
        {
            "name": "gsi_diagnosis",
            "type": "STRING",
            "nullable": true,
            "metadata": {
                "id": 62,
                "description": "For GSI intents, when Category Medicare Advantage Organization Determination is selected, value entered by user in the Diagnosis/reason for service field.",
                "position": 62,
                "size": 255
            }
        },
        {
            "name": "gsi_medication",
            "type": "STRING",
            "nullable": true,
            "metadata": {
                "id": 63,
                "description": "For GSI intents, when Category Medicare Advantage Part B Organization Determination/Medication is selected, value entered by user in the Medication/injection name field.",
                "position": 63,
                "size": 150
            }
        },
        {
            "name": "gsi_request_type",
            "type": "STRING",
            "nullable": true,
            "metadata": {
                "id": 64,
                "description": "For GSI intents, value selected by user from the  Request Type field.",
                "position": 64,
                "size": 150
            }
        },
        {
            "name": "gsi_anoc_missing_materials",
            "type": "STRING",
            "nullable": true,
            "metadata": {
                "id": 65,
                "description": "For GSI intents, when Category ANOC - Annual Notice of Change Inquiry is selected, value selected by user from the Missing  materials field.",
                "position": 65,
                "size": 150
            }
        },
        {
            "name": "gsi_do_not_contact_member",
            "type": "STRING",
            "nullable": true,
            "metadata": {
                "id": 66,
                "description": "For GSI intents, when Category System Security/Member Rights is selected, value(s) selected by user to indicate the member(s) for whom a Do not contact request has been made.",
                "position": 66,
                "size": 255
            }
        },
        {
            "name": "gsi_plan_type",
            "type": "STRING",
            "nullable": true,
            "metadata": {
                "id": 67,
                "description": "For GSI intents, when Category Medicare crossover log is selected, value selected by user from the Plan type field.",
                "position": 67,
                "size": 150
            }
        },
        {
            "name": "gsi_correct_medicare_number",
            "type": "STRING",
            "nullable": true,
            "metadata": {
                "id": 68,
                "description": "For GSI intents, when Category Medicare crossover log is selected, value entered by user in the Correct Medicare number field.",
                "position": 68,
                "size": 32
            }
        },
        {
            "name": "gsi_correct_part_a_eff_date",
            "type": "STRING",
            "nullable": true,
            "metadata": {
                "id": 69,
                "description": "For GSI intents, when Category Medicare crossover log is selected, value entered by user in the Correct Medicare Part A effective date field.",
                "position": 69,
                "size": 26
            }
        },
        {
            "name": "gsi_correct_part_b_eff_date",
            "type": "STRING",
            "nullable": true,
            "metadata": {
                "id": 70,
                "description": "For GSI intents, when Category Medicare crossover log is selected, value entered by user in the Correct Medicare Part B effective date field.",
                "position": 70,
                "size": 26
            }
        },
        {
            "name": "gsi_crossover_reason",
            "type": "STRING",
            "nullable": true,
            "metadata": {
                "id": 71,
                "description": "For GSI intents, when Category Medicare crossover log is selected, value entered by user in the Reason field.",
                "position": 71,
                "size": 150
            }
        },
        {
            "name": "web_tracking_id",
            "type": "STRING",
            "nullable": true,
            "metadata": {
                "id": 72,
                "description": "Unique identifier for Non-Live transactions initiated via MyBlue.",
                "position": 72,
                "size": 128
            }
        },
        {
            "name": "transaction_status",
            "type": "STRING",
            "nullable": true,
            "metadata": {
                "id": 73,
                "description": "For Non-Live transactions initiated via MyBlue, value indicates whether the RTMS transaction was successful or not.",
                "position": 73,
                "size": 150
            }
        },
        {
            "name": "transaction_date",
            "type": "STRING",
            "nullable": true,
            "metadata": {
                "id": 74,
                "description": "For Non-Live transactions initiated via MyBlue, value indicates the date/time the request was sent to NASCO to create the non-live MyBlue request in BlueView.",
                "position": 74,
                "size": 26
            }
        }
    ],
    "curate_schema": [
        {
            "name": "intrctn_id",
            "type": "STRING",
            "nullable": true,
            "metadata": {
                "id": 1,
                "description": "Interaction (parent) workitem ID.",
                "position": 1,
                "size": 256
            }
        },
        {
            "name": "svc_intent_id",
            "type": "STRING",
            "nullable": true,
            "metadata": {
                "id": 2,
                "description": "ID of the Intent (child) workitem.",
                "position": 2,
                "size": 256
            }
        },
        {
            "name": "svc_intent_type_descr",
            "type": "STRING",
            "nullable": true,
            "metadata": {
                "id": 3,
                "description": "Description of the Intent (child) workitem type.",
                "position": 3,
                "size": 50
            }
        },
        {
            "name": "entry_dt_of_intent",
            "type": "STRING",
            "nullable": true,
            "metadata": {
                "id": 4,
                "description": "Date and time the Intent (child) workitem was created.",
                "position": 4,
                "size": 26
            }
        },
        {
            "name": "entry_work_grp",
            "type": "STRING",
            "nullable": true,
            "metadata": {
                "id": 5,
                "description": "Work group associated with the user who created the Intent (child) workitem at the time of creation.",
                "position": 5,
                "size": 150
            }
        },
        {
            "name": "resolvd_dt_of_intent",
            "type": "STRING",
            "nullable": true,
            "metadata": {
                "id": 6,
                "description": "Resolved Date of the Intent (child) workitem.",
                "position": 6,
                "size": 26
            }
        },
        {
            "name": "intent_resolvd_user_id",
            "type": "STRING",
            "nullable": true,
            "metadata": {
                "id": 7,
                "description": "ID of the user who resolved the Intent (child) workitem.",
                "position": 7,
                "size": 256
            }
        },
        {
            "name": "intent_resolvd_user_nm",
            "type": "STRING",
            "nullable": true,
            "metadata": {
                "id": 8,
                "description": "Name of the user who resolved the Intent (child) workitem.",
                "position": 8,
                "size": 256
            }
        },
        {
            "name": "intent_cntrct_id",
            "type": "STRING",
            "nullable": true,
            "metadata": {
                "id": 9,
                "description": "Contract ID of the Subscriber on the contract  associated with the Intent (child) workitem.",
                "position": 9,
                "size": 50
            }
        },
        {
            "name": "intent_mem_id",
            "type": "STRING",
            "nullable": true,
            "metadata": {
                "id": 10,
                "description": "2 digit NASCO member ID of the member associated with the Intent (child) workitem.",
                "position": 10,
                "size": 50
            }
        },
        {
            "name": "intent_acct_nm",
            "type": "STRING",
            "nullable": true,
            "metadata": {
                "id": 11,
                "description": "Name of the account on the contract associated with the Intent (child).",
                "position": 11,
                "size": 128
            }
        },
        {
            "name": "intent_acct_nbr",
            "type": "STRING",
            "nullable": true,
            "metadata": {
                "id": 12,
                "description": "7 digit RTMS Account Number on the contract associated with the Intent (child).",
                "position": 12,
                "size": 50
            }
        },
        {
            "name": "intent_grp_nm",
            "type": "STRING",
            "nullable": true,
            "metadata": {
                "id": 13,
                "description": "Name of the group on the contract associated with the Intent (child).",
                "position": 13,
                "size": 256
            }
        },
        {
            "name": "intent_grp_nbr",
            "type": "STRING",
            "nullable": true,
            "metadata": {
                "id": 14,
                "description": "9 digit RTMS Group Number on the contract associated with the Intent (child).",
                "position": 14,
                "size": 50
            }
        },
        {
            "name": "intent_uacc",
            "type": "STRING",
            "nullable": true,
            "metadata": {
                "id": 15,
                "description": "UACC (4 digit code) on the contract associated with the Intent (child) workitem.",
                "position": 15,
                "size": 50
            }
        },
        {
            "name": "intent_uacc_descr",
            "type": "STRING",
            "nullable": true,
            "metadata": {
                "id": 16,
                "description": "Description of the UACC on the contract associated with the Intent (child) workitem.",
                "position": 16,
                "size": 255
            }
        },
        {
            "name": "clm_nbr",
            "type": "STRING",
            "nullable": true,
            "metadata": {
                "id": 17,
                "description": "Claim Number associated with the Intent (child) workitem.",
                "position": 17,
                "size": 32
            }
        },
        {
            "name": "svc_excep_scenario",
            "type": "STRING",
            "nullable": true,
            "metadata": {
                "id": 18,
                "description": "Service Exception Scenario associated with the Manage Claims Intent (child).",
                "position": 18,
                "size": 256
            }
        },
        {
            "name": "svc_excep_rsn",
            "type": "STRING",
            "nullable": true,
            "metadata": {
                "id": 19,
                "description": "Service Exception Reason associated with the Manage Claims Intent (child).",
                "position": 19,
                "size": 256
            }
        },
        {
            "name": "typ_of_resp_to_cust",
            "type": "STRING",
            "nullable": true,
            "metadata": {
                "id": 20,
                "description": "Value entered in How will you respond to the customer? field on the Select Customer Response Type screen (child)",
                "position": 20,
                "size": 255
            }
        },
        {
            "name": "rsn_for_callback",
            "type": "STRING",
            "nullable": true,
            "metadata": {
                "id": 21,
                "description": "Reason for callback entered on Respond to Customer – Callback screen (child)",
                "position": 21,
                "size": 250
            }
        },
        {
            "name": "intent_ben_cat_discussed",
            "type": "STRING",
            "nullable": true,
            "metadata": {
                "id": 22,
                "description": "Within the View Benefits intent, the category of the benefit that was quoted.",
                "position": 22,
                "size": 100
            }
        },
        {
            "name": "intent_ben_subcat_discussed",
            "type": "STRING",
            "nullable": true,
            "metadata": {
                "id": 23,
                "description": "Within the View Benefits intent, the subcategory of the benefit that was quoted.",
                "position": 23,
                "size": 100
            }
        },
       {
            "name": "svc_intent_cmnts",
            "type": "STRING",
            "nullable": true,
            "metadata": {
                "id": 24,
                "description": "SERVICE INTENT WRAPUP COMMENTS field contains Comments entered in the Comments field when submitting or cancelling an Intent (child).",
                "position": 24,
                "size": 1000
            }
        },
        {
            "name": "other_cmnts",
            "type": "STRING",
            "nullable": true,
            "metadata": {
                "id": 25,
                "description": "COMMENTS field contains other comments not captured in the INTERACTION WRAPUP COMMENTS or SERVICE INTENT WRAPUP COMMENTS, including any comments entered by back office users when processing work.",
                "position": 25,
                "size": 1000
            }
        },
        {
            "name": "dt_dcmnt_req_snt_to_vndr",
            "type": "STRING",
            "nullable": true,
            "metadata": {
                "id": 26,
                "description": "For Fulfillment items fulfilled by 3rd party vendor, value represents the date the Fulfillment item was included in the batch file.",
                "position": 26,
                "size": 26
            }
        },
        {
            "name": "dcmnt_cd",
            "type": "STRING",
            "nullable": true,
            "metadata": {
                "id": 27,
                "description": "Document Code of the Fulfillment item requested.  ",
                "position": 27,
                "size": 32
            }
        },
        {
            "name": "mem_received_bill",
            "type": "STRING",
            "nullable": true,
            "metadata": {
                "id": 28,
                "description": "For Service Exception Requests, value entered by user to indicate if member received a bill or not.",
                "position": 28,
                "size": 32
            }
        },
        {
            "name": "advised_mem_of_seep_prcs",
            "type": "STRING",
            "nullable": true,
            "metadata": {
                "id": 29,
                "description": "For Service Exception Requests, value entered by user to indicate if member has been advised of the plan process for Service Exception requests.",
                "position": 29,
                "size": 256
            }
        },
        {
            "name": "leader_approv_received",
            "type": "STRING",
            "nullable": true,
            "metadata": {
                "id": 30,
                "description": "For Service Exception Requests, value entered by user to indicate if leader approval has been received.",
                "position": 30,
                "size": 32
            }
        },
        {
            "name": "leader_nm",
            "type": "STRING",
            "nullable": true,
            "metadata": {
                "id": 31,
                "description": "For Service Exception Requests, value entered by user to indicate the name of the leader who approved the request.",
                "position": 31,
                "size": 256
            }
        },
        {
            "name": "amt_asked_to_be_paid",
            "type": "STRING",
            "nullable": true,
            "metadata": {
                "id": 32,
                "description": "For Service Exception Requests, value entered by user to indicate the dollar amount being requested.",
                "position": 32,
                "size": 32
            }
        },
        {
            "name": "applies_to_entire_clm",
            "type": "STRING",
            "nullable": true,
            "metadata": {
                "id": 33,
                "description": "For Service Exception Requests, value entered by user to indicate if exception request applies to the entire claim.",
                "position": 33,
                "size": 32
            }
        },
        {
            "name": "how_to_proceed_with_adj",
            "type": "STRING",
            "nullable": true,
            "metadata": {
                "id": 34,
                "description": "For complex adjustments, value selected by user to indicate the action to proceed with the complex adjustment",
                "position": 34,
                "size": 150
            }
        },
        {
            "name": "final_rsn_to_adj",
            "type": "STRING",
            "nullable": true,
            "metadata": {
                "id": 35,
                "description": "For complex adjustments, value selected by user to indicate the final reason for the adjustment.",
                "position": 35,
                "size": 256
            }
        },
        {
            "name": "pcp_rsn_for_chng",
            "type": "STRING",
            "nullable": true,
            "metadata": {
                "id": 36,
                "description": "For PCP/POC Update requests, value selected by user to indicate the reason the member wishes to change PCP.",
                "position": 36,
                "size": 150
            }
        },
        {
            "name": "chart_ltr_dlvry_mthd",
            "type": "STRING",
            "nullable": true,
            "metadata": {
                "id": 37,
                "description": "For Chart Letter requests, value selected by user to indicate how the caller would like to receive the chart letter.",
                "position": 37,
                "size": 256
            }
        },
        {
            "name": "billing_cncl_rsn",
            "type": "STRING",
            "nullable": true,
            "metadata": {
                "id": 38,
                "description": "For Manage Billing, Cancel Policy requests, value selected by user to indicate the reason (subcategory) for cancelling the policy.",
                "position": 38,
                "size": 150
            }
        },
        {
            "name": "outbound_call_typ",
            "type": "STRING",
            "nullable": true,
            "metadata": {
                "id": 39,
                "description": "For Outbound Calls, value selected by user to indicate the type of outbound call being made (e.g. Member Outreach, Third Party Outreach, Call Campaign).",
                "position": 39,
                "size": 150
            }
        },
        {
            "name": "outbound_call_outcm",
            "type": "STRING",
            "nullable": true,
            "metadata": {
                "id": 40,
                "description": "For Outbound Calls, value selected by user to indicate the the result of the outbound call.",
                "position": 40,
                "size": 150
            }
        },
        {
            "name": "third_party_typ",
            "type": "STRING",
            "nullable": true,
            "metadata": {
                "id": 41,
                "description": "For Outbound Calls to third parties, value selected or entered by user indicating to whom the call was made.",
                "position": 41,
                "size": 150
            }
        },
        {
            "name": "initiating_team",
            "type": "STRING",
            "nullable": true,
            "metadata": {
                "id": 42,
                "description": "For Outbound Call campaigns, value selected or entered by user indicating which team made the call.",
                "position": 42,
                "size": 150
            }
        },
        {
            "name": "outbound_call_rsn",
            "type": "STRING",
            "nullable": true,
            "metadata": {
                "id": 43,
                "description": "For Outbound Call campaigns, value selected or entered by user indicating the reason the call was made.",
                "position": 43,
                "size": 150
            }
        },
        {
            "name": "call_attempt",
            "type": "STRING",
            "nullable": true,
            "metadata": {
                "id": 44,
                "description": "For Outbound Call campaigns, value selected by user indicating how many times an attempt was made to reach the member.",
                "position": 44,
                "size": 32
            }
        },
        {
            "name": "interest",
            "type": "STRING",
            "nullable": true,
            "metadata": {
                "id": 45,
                "description": "For Outbound Call campaigns, when the member has been reached successfully, value selected by user indicating whether the member is interested or not.",
                "position": 45,
                "size": 32
            }
        },
        {
            "name": "call_campaign_nm",
            "type": "STRING",
            "nullable": true,
            "metadata": {
                "id": 46,
                "description": "For Outbound Call campaigns, value entered by user to indicate which campaign the call is associated with.",
                "position": 46,
                "size": 150
            }
        },
        {
            "name": "care_mgmt_cat",
            "type": "STRING",
            "nullable": true,
            "metadata": {
                "id": 47,
                "description": "For Coordinate Care Management intents, value of the category of the clinical alert being addressed.",
                "position": 47,
                "size": 150
            }
        },
        {
            "name": "care_mgmt_subcat",
            "type": "STRING",
            "nullable": true,
            "metadata": {
                "id": 48,
                "description": "For Coordinate Care Management intents, value of the subcategory of the clinical alert being addressed.",
                "position": 48,
                "size": 150
            }
        },
        {
            "name": "care_mgmt_engagement",
            "type": "STRING",
            "nullable": true,
            "metadata": {
                "id": 49,
                "description": "For Coordinate Care Management intents, value selected by user to indicate if/how the member responded to the clinical alert outreach.",
                "position": 49,
                "size": 150
            }
        },
        {
            "name": "rekeyed_clm_num",
            "type": "STRING",
            "nullable": true,
            "metadata": {
                "id": 50,
                "description": "Value is the new claim number that was rekeyed as a result of a complex claim adjustment.",
                "position": 50,
                "size": 150
            }
        },
        {
            "name": "gsi_cat",
            "type": "STRING",
            "nullable": true,
            "metadata": {
                "id": 51,
                "description": "For GSI intents, value selected by user to indicate the category of the request.",
                "position": 51,
                "size": 200
            }
        },
        {
            "name": "gsi_subcat",
            "type": "STRING",
            "nullable": true,
            "metadata": {
                "id": 52,
                "description": "For GSI intents, value selected by user to indicate the subcategory of the request.",
                "position": 52,
                "size": 200
            }
        },
        {
            "name": "gsi_mgr_approv",
            "type": "STRING",
            "nullable": true,
            "metadata": {
                "id": 53,
                "description": "For GSI intents, when Category Medicare Advantage Medical Appeal is selected, value entered by user in the Manager Approval field.",
                "position": 53,
                "size": 32
            }
        },
        {
            "name": "gsi_requestor_nm",
            "type": "STRING",
            "nullable": true,
            "metadata": {
                "id": 54,
                "description": "For GSI intents, value entered by user in the Requestor details section.",
                "position": 54,
                "size": 255
            }
        },
        {
            "name": "gsi_requestor_ph",
            "type": "STRING",
            "nullable": true,
            "metadata": {
                "id": 55,
                "description": "For GSI intents, value entered by user in the Requestor details section",
                "position": 55,
                "size": 32
            }
        },
        {
            "name": "gsi_requestor_addr",
            "type": "STRING",
            "nullable": true,
            "metadata": {
                "id": 56,
                "description": "For GSI intents, value entered by user in the Requestor details section.",
                "position": 56,
                "size": 255
            }
        },
        {
            "name": "gsi_requestor_rel",
            "type": "STRING",
            "nullable": true,
            "metadata": {
                "id": 57,
                "description": "For GSI intents, value entered by user to indicate the relationship of the requestor .",
                "position": 57,
                "size": 150
            }
        },
        {
            "name": "gsi_physn_nm",
            "type": "STRING",
            "nullable": true,
            "metadata": {
                "id": 58,
                "description": "For GSI intents, value entered by user to indicate the name of the physician.",
                "position": 58,
                "size": 255
            }
        },
        {
            "name": "gsi_physn_ph",
            "type": "STRING",
            "nullable": true,
            "metadata": {
                "id": 59,
                "description": "For GSI intents, value entered by user to indicate the name of the physician .",
                "position": 59,
                "size": 32
            }
        },
        {
            "name": "gsi_qualified_prgrm",
            "type": "STRING",
            "nullable": true,
            "metadata": {
                "id": 60,
                "description": "For GSI intents, when Category Medicare Advantage Fitness/Weight Loss Claim Submission is selected, value entered by user in the Qualified Class/Program name field.",
                "position": 60,
                "size": 255
            }
        },
        {
            "name": "gsi_svc_req",
            "type": "STRING",
            "nullable": true,
            "metadata": {
                "id": 61,
                "description": "For GSI intents, when Category Medicare Advantage Organization Determination is selected, value entered by user in the Service/supply requested field.",
                "position": 61,
                "size": 32
            }
        },
        {
            "name": "gsi_diag",
            "type": "STRING",
            "nullable": true,
            "metadata": {
                "id": 62,
                "description": "For GSI intents, when Category Medicare Advantage Organization Determination is selected, value entered by user in the Diagnosis/reason for service field.",
                "position": 62,
                "size": 255
            }
        },
        {
            "name": "gsi_medication",
            "type": "STRING",
            "nullable": true,
            "metadata": {
                "id": 63,
                "description": "For GSI intents, when Category Medicare Advantage Part B Organization Determination/Medication is selected, value entered by user in the Medication/injection name field.",
                "position": 63,
                "size": 150
            }
        },
        {
            "name": "gsi_req_typ",
            "type": "STRING",
            "nullable": true,
            "metadata": {
                "id": 64,
                "description": "For GSI intents, value selected by user from the  Request Type field.",
                "position": 64,
                "size": 150
            }
        },
        {
            "name": "gsi_anoc_missing_mtrl",
            "type": "STRING",
            "nullable": true,
            "metadata": {
                "id": 65,
                "description": "For GSI intents, when Category ANOC - Annual Notice of Change Inquiry is selected, value selected by user from the Missing  materials field.",
                "position": 65,
                "size": 150
            }
        },
        {
            "name": "gsi_do_nt_cntct_mem",
            "type": "STRING",
            "nullable": true,
            "metadata": {
                "id": 66,
                "description": "For GSI intents, when Category System Security/Member Rights is selected, value(s) selected by user to indicate the member(s) for whom a Do not contact request has been made.",
                "position": 66,
                "size": 255
            }
        },
        {
            "name": "gsi_pln_typ",
            "type": "STRING",
            "nullable": true,
            "metadata": {
                "id": 67,
                "description": "For GSI intents, when Category Medicare crossover log is selected, value selected by user from the Plan type field.",
                "position": 67,
                "size": 150
            }
        },
        {
            "name": "gsi_crct_medicare_num",
            "type": "STRING",
            "nullable": true,
            "metadata": {
                "id": 68,
                "description": "For GSI intents, when Category Medicare crossover log is selected, value entered by user in the Correct Medicare number field.",
                "position": 68,
                "size": 32
            }
        },
        {
            "name": "gsi_crct_part_a_eff_dt",
            "type": "STRING",
            "nullable": true,
            "metadata": {
                "id": 69,
                "description": "For GSI intents, when Category Medicare crossover log is selected, value entered by user in the Correct Medicare Part A effective date field.",
                "position": 69,
                "size": 26
            }
        },
        {
            "name": "gsi_crct_part_b_eff_dt",
            "type": "STRING",
            "nullable": true,
            "metadata": {
                "id": 70,
                "description": "For GSI intents, when Category Medicare crossover log is selected, value entered by user in the Correct Medicare Part B effective date field.",
                "position": 70,
                "size": 26
            }
        },
        {
            "name": "gsi_crossover_rsn",
            "type": "STRING",
            "nullable": true,
            "metadata": {
                "id": 71,
                "description": "For GSI intents, when Category Medicare crossover log is selected, value entered by user in the Reason field.",
                "position": 71,
                "size": 150
            }
        },
        {
            "name": "web_trk_id",
            "type": "STRING",
            "nullable": true,
            "metadata": {
                "id": 72,
                "description": "Unique identifier for Non-Live transactions initiated via MyBlue.",
                "position": 72,
                "size": 128
            }
        },
        {
            "name": "txn_stat",
            "type": "STRING",
            "nullable": true,
            "metadata": {
                "id": 73,
                "description": "For Non-Live transactions initiated via MyBlue, value indicates whether the RTMS transaction was successful or not.",
                "position": 73,
                "size": 150
            }
        },
        {
            "name": "txn_dt",
            "type": "STRING",
            "nullable": true,
            "metadata": {
                "id": 74,
                "description": "For Non-Live transactions initiated via MyBlue, value indicates the date/time the request was sent to NASCO to create the non-live MyBlue request in BlueView.",
                "position": 74,
                "size": 26
            }
        },
        {
            "name": "file_nm",
            "type": "STRING",
            "nullable": false,
            "metadata": {
                "id": 75,
                "description": "Data Source File Name",
                "position": 75,
                "size": 55
            }
        },
        {
            "name": "load_timestamp",
            "type": "TIMESTAMP",
            "nullable": false,
            "metadata": {
                "id": 76,
                "description": "Load Timestamp",
                "position": 76,
                "size": 0
            }
        },
        {
            "name": "feed_dt",
            "type": "STRING",
            "nullable": false,
            "metadata": {
                "id": 77,
                "description": "Date Extracted from File Name",
                "position": 77,
                "size": 15
            }
        }
    ]
}
