{
    "name": "blueview_intrctn_extrct",
    "business_domain": "cns",
    "source_system_code": "blueview",
    "description": "This is Interaction Extract that include data from BlueView from Nasco.",
    "file_format": "DELIMITED",
    "delimiter": ",",
    "file_naming_format": "(MNASC|PNASC).Interaction_Closed_Feed_d{15}.csv",
    "partition_keys": ["feed_dt"],
    "ingest_type": "FILE",
    "multi_record_type_indicator": "",
    "multi_record_type_indicator_pos": "",
    "raw_schema": [
        {
            "name": "interaction_id",
            "type": "STRING",
            "nullable": true,
            "metadata": {
                "id": 1,
                "description": "Interaction (parent) workitem ID.",
                "position": 1,
                "size": 256
            }
        },
        {
            "name": "interaction_type_descr",
            "type": "STRING",
            "nullable": true,
            "metadata": {
                "id": 2,
                "description": "Description of Interaction (parent) method of communication.",
                "position": 2,
                "size": 50
            }
        },
        {
            "name": "entry_date_of_interaction",
            "type": "STRING",
            "nullable": true,
            "metadata": {
                "id": 3,
                "description": "Date and time the Interaction (parent) workitem was created.",
                "position": 3,
                "size": 26
            }
        },
        {
            "name": "interaction_entry_user_id",
            "type": "STRING",
            "nullable": true,
            "metadata": {
                "id": 4,
                "description": "ID of the user who created the Interaction (parent) workitem.",
                "position": 4,
                "size": 256
            }
        },
        {
            "name": "interaction_entry_user_name",
            "type": "STRING",
            "nullable": true,
            "metadata": {
                "id": 5,
                "description": "Name of the user who created the Interaction (parent) workitem.",
                "position": 5,
                "size": 256
            }
        },
        {
            "name": "interaction_entry_work_group",
            "type": "STRING",
            "nullable": true,
            "metadata": {
                "id": 6,
                "description": "Work group associated with the user who created the interaction_(parent) workitem at the time of creation.",
                "position": 6,
                "size": 150
            }
        },
        {
            "name": "resolved_date_of_interaction",
            "type": "STRING",
            "nullable": true,
            "metadata": {
                "id": 7,
                "description": "Date and time interaction_(parent) workitem was resolved.",
                "position": 7,
                "size": 26
            }
        },
        {
            "name": "interaction_resolved_user_id",
            "type": "STRING",
            "nullable": true,
            "metadata": {
                "id": 8,
                "description": "ID of the user who resolved the interaction_(parent) workitem.",
                "position": 8,
                "size": 256
            }
        },
        {
            "name": "interaction_resolved_user_name",
            "type": "STRING",
            "nullable": true,
            "metadata": {
                "id": 9,
                "description": "Name of the user who resolved the interaction_(parent) workitem.",
                "position": 9,
                "size": 256
            }
        },
        {
            "name": "interaction_resolved_work_group",
            "type": "STRING",
            "nullable": true,
            "metadata": {
                "id": 10,
                "description": "Work group associated with the user who resolved the interaction_(parent) workitem at the time of resolution.",
                "position": 10,
                "size": 150
            }
        },
        {
            "name": "contract_id",
            "type": "STRING",
            "nullable": true,
            "metadata": {
                "id": 11,
                "description": "Contract ID of the Subscriber for the interaction_(parent).",
                "position": 11,
                "size": 50
            }
        },
        {
            "name": "subscriber_name",
            "type": "STRING",
            "nullable": true,
            "metadata": {
                "id": 12,
                "description": "Full name of the Subscriber for the interaction_(parent).",
                "position": 12,
                "size": 256
            }
        },
        {
            "name": "subscriber_state",
            "type": "STRING",
            "nullable": true,
            "metadata": {
                "id": 13,
                "description": "State abbreviation of the Subscriber's Residential/Generic address for the interaction_(parent).",
                "position": 13,
                "size": 256
            }
        },
        {
            "name": "member_id_in_focus",
            "type": "STRING",
            "nullable": true,
            "metadata": {
                "id": 14,
                "description": "2 digit NASCO Member ID (not RTMS Member ID).  ",
                "position": 14,
                "size": 50
            }
        },
        {
            "name": "member_name_in_focus",
            "type": "STRING",
            "nullable": true,
            "metadata": {
                "id": 15,
                "description": "Full name of the member in focus from the interaction_(parent) workitem.",
                "position": 15,
                "size": 256
            }
        },
        {
            "name": "verified_contact_name",
            "type": "STRING",
            "nullable": true,
            "metadata": {
                "id": 16,
                "description": "Name of the caller who was verified.",
                "position": 16,
                "size": 256
            }
        },
        {
            "name": "contact_type",
            "type": "STRING",
            "nullable": true,
            "metadata": {
                "id": 17,
                "description": "Contact Type/Relationship of the verified caller.",
                "position": 17,
                "size": 150
            }
        },
        {
            "name": "interaction_account_name",
            "type": "STRING",
            "nullable": true,
            "metadata": {
                "id": 18,
                "description": "Name of the account associated with the contract in focus for the interaction_(parent).",
                "position": 18,
                "size": 128
            }
        },
        {
            "name": "interaction_account_number",
            "type": "STRING",
            "nullable": true,
            "metadata": {
                "id": 19,
                "description": "7 digit RTMS Account Number associated with the contract in focus for the interaction_(parent).",
                "position": 19,
                "size": 50
            }
        },
        {
            "name": "group_name",
            "type": "STRING",
            "nullable": true,
            "metadata": {
                "id": 20,
                "description": "Name of the group associated with the contract in focus on the interaction_(parent).Represents the RTMS Group Name.",
                "position": 20,
                "size": 256
            }
        },
        {
            "name": "group_number",
            "type": "STRING",
            "nullable": true,
            "metadata": {
                "id": 21,
                "description": "9 digit RTMS group number associated with the contract in focus on the interaction_(parent).",
                "position": 21,
                "size": 50
            }
        },
        {
            "name": "interaction_uacc",
            "type": "STRING",
            "nullable": true,
            "metadata": {
                "id": 22,
                "description": "UACC (4 digit code) associated with the contract in focus from the interaction_(parent) workitem.",
                "position": 22,
                "size": 50
            }
        },
        {
            "name": "interaction_uacc_description",
            "type": "STRING",
            "nullable": true,
            "metadata": {
                "id": 23,
                "description": "Description of the UACC associated with the contract in focus from the interaction_(parent) workitem.",
                "position": 23,
                "size": 255
            }
        },
        {
            "name": "primary_reason_for_interaction",
            "type": "STRING",
            "nullable": true,
            "metadata": {
                "id": 24,
                "description": "Primary Reason for inquiry.",
                "position": 24,
                "size": 256
            }
        },
        {
            "name": "interaction_language",
            "type": "STRING",
            "nullable": true,
            "metadata": {
                "id": 25,
                "description": "Language selected when Language line required field is Yes. Value will be blank if Language line required field is not Yes. Value is not available for Non-Live Interactions.",
                "position": 25,
                "size": 150
            }
        },
        {
            "name": "description_of_issue",
            "type": "STRING",
            "nullable": true,
            "metadata": {
                "id": 26,
                "description": "Description of the issue for interaction_(parent) from Wrap Up screen (Medicare Advantage only)",
                "position": 26,
                "size": 1000
            }
        },
        {
            "name": "description_of_resolution",
            "type": "STRING",
            "nullable": true,
            "metadata": {
                "id": 27,
                "description": "Description of the Resolution for interaction_(parent) from Wrap Up screen (Medicare Advantage only)",
                "position": 27,
                "size": 1000
            }
        },
        {
            "name": "corporate_received_date_time",
            "type": "STRING",
            "nullable": true,
            "metadata": {
                "id": 28,
                "description": "Corporate Received date and time entered on the Create Non-Live interaction_screen",
                "position": 28,
                "size": 26
            }
        },
        {
            "name": "source_for_non_live_interaction",
            "type": "STRING",
            "nullable": true,
            "metadata": {
                "id": 29,
                "description": "Source for interaction_entered on the Create Non Live interaction_screen (parent)",
                "position": 29,
                "size": 100
            }
        },
        {
            "name": "reason_for_non_live_interaction",
            "type": "STRING",
            "nullable": true,
            "metadata": {
                "id": 30,
                "description": "Reason for interaction_entered on Create Non Live interaction_screen (parent). Provides additional detail based on Source for interaction_value selected.",
                "position": 30,
                "size": 255
            }
        },
        {
            "name": "email",
            "type": "STRING",
            "nullable": true,
            "metadata": {
                "id": 31,
                "description": "Email address of member in focus.",
                "position": 31,
                "size": 32
            }
        },
        {
            "name": "interaction_duration",
            "type": "STRING",
            "nullable": true,
            "metadata": {
                "id": 32,
                "description": "Duration of the interaction_(parent).",
                "position": 32,
                "size": 19
            }
        },
        {
            "name": "interaction_comments",
            "type": "STRING",
            "nullable": true,
            "metadata": {
                "id": 33,
                "description": "interaction_WRAPUP COMMENTS field contains Comments entered when wrapping up an interaction_(parent).",
                "position": 33,
                "size": 1000
            }
        },
        {
            "name": "interaction_type",
            "type": "STRING",
            "nullable": true,
            "metadata": {
                "id": 34,
                "description": "Type of interaction_(parent) selected from the +New list when interaction_is created.",
                "position": 34,
                "size": 50
            }
        },
        {
            "name": "channel",
            "type": "STRING",
            "nullable": true,
            "metadata": {
                "id": 35,
                "description": "Communication channel by which the interaction_(parent) was received.",
                "position": 35,
                "size": 100
            }
        },
        {
            "name": "alert_type",
            "type": "STRING",
            "nullable": true,
            "metadata": {
                "id": 36,
                "description": "Alert Type displayed in the View Alerts grid on the M360 screen when the View Alerts button is pressed. Multiple alerts may exist for an Interaction.",
                "position": 36,
                "size": 3020
            }
        },
        {
            "name": "alert_level",
            "type": "STRING",
            "nullable": true,
            "metadata": {
                "id": 37,
                "description": "Level of the alert displayed in the View Alerts grid on the M360 screen when the View Alerts button is pressed. Multiple alerts may exist for an Interaction.",
                "position": 37,
                "size": 5120
            }
        },
        {
            "name": "alert_description",
            "type": "STRING",
            "nullable": true,
            "metadata": {
                "id": 38,
                "description": "Alert message displayed in the View Alerts grid on the M360 screen when the View Alerts button is pressed. Multiple alerts may exist for an Interaction.",
                "position": 38,
                "size": 20020
            }
        },
        {
            "name": "alert_category",
            "type": "STRING",
            "nullable": true,
            "metadata": {
                "id": 39,
                "description": "Category of the alert displayed in the View Alerts grid on the M360 screen when the View Alerts button is pressed. Multiple alerts may exist for an Interaction.",
                "position": 39,
                "size": 3020
            }
        },
        {
            "name": "alert_action",
            "type": "STRING",
            "nullable": true,
            "metadata": {
                "id": 40,
                "description": "Action that the user took in response to the alert displayed in the View Alerts grid on the M360 screen when the View Alerts button is pressed. Multiple alerts may exist for an Interaction.",
                "position": 40,
                "size": 5120
            }
        },
        {
            "name": "plan_type",
            "type": "STRING",
            "nullable": true,
            "metadata": {
                "id": 41,
                "description": "Plan Type associated with the contract in focus from the interaction_(parent) workitem.",
                "position": 41,
                "size": 150
            }
        }
    ],
    "curate_schema": [
        {
            "name": "intrctn_id",
            "type": "STRING",
            "nullable": true,
            "metadata": {
                "id": 1,
                "description": "Interaction (parent) workitem ID.",
                "position": 1,
                "size": 256
            }
        },
        {
            "name": "intrctn_type_descr",
            "type": "STRING",
            "nullable": true,
            "metadata": {
                "id": 2,
                "description": "Description of Interaction (parent) method of communication.",
                "position": 2,
                "size": 50
            }
        },
        {
            "name": "entry_dt_of_intrctn",
            "type": "STRING",
            "nullable": true,
            "metadata": {
                "id": 3,
                "description": "Date and time the Interaction (parent) workitem was created.",
                "position": 3,
                "size": 26
            }
        },
        {
            "name": "intrctn_entry_user_id",
            "type": "STRING",
            "nullable": true,
            "metadata": {
                "id": 4,
                "description": "ID of the user who created the Interaction (parent) workitem.",
                "position": 4,
                "size": 256
            }
        },
        {
            "name": "intrctn_entry_user_nm",
            "type": "STRING",
            "nullable": true,
            "metadata": {
                "id": 5,
                "description": "Name of the user who created the Interaction (parent) workitem.",
                "position": 5,
                "size": 256
            }
        },
        {
            "name": "intrctn_entry_work_grp",
            "type": "STRING",
            "nullable": true,
            "metadata": {
                "id": 6,
                "description": "Work group associated with the user who created the interaction_(parent) workitem at the time of creation.",
                "position": 6,
                "size": 150
            }
        },
        {
            "name": "resolvd_dt_of_intrctn",
            "type": "STRING",
            "nullable": true,
            "metadata": {
                "id": 7,
                "description": "Date and time interaction_(parent) workitem was resolved.",
                "position": 7,
                "size": 26
            }
        },
        {
            "name": "intrctn_resolvd_user_id",
            "type": "STRING",
            "nullable": true,
            "metadata": {
                "id": 8,
                "description": "ID of the user who resolved the interaction_(parent) workitem.",
                "position": 8,
                "size": 256
            }
        },
        {
            "name": "intrctn_resolvd_user_nm",
            "type": "STRING",
            "nullable": true,
            "metadata": {
                "id": 9,
                "description": "Name of the user who resolved the interaction_(parent) workitem.",
                "position": 9,
                "size": 256
            }
        },
        {
            "name": "intrctn_resolvd_work_grp",
            "type": "STRING",
            "nullable": true,
            "metadata": {
                "id": 10,
                "description": "Work group associated with the user who resolved the interaction_(parent) workitem at the time of resolution.",
                "position": 10,
                "size": 150
            }
        },
        {
            "name": "cntrct_id",
            "type": "STRING",
            "nullable": true,
            "metadata": {
                "id": 11,
                "description": "Contract ID of the Subscriber for the interaction_(parent).",
                "position": 11,
                "size": 50
            }
        },
        {
            "name": "sub_nm",
            "type": "STRING",
            "nullable": true,
            "metadata": {
                "id": 12,
                "description": "Full name of the Subscriber for the interaction_(parent).",
                "position": 12,
                "size": 256
            }
        },
        {
            "name": "sub_state",
            "type": "STRING",
            "nullable": true,
            "metadata": {
                "id": 13,
                "description": "State abbreviation of the Subscriber's Residential/Generic address for the interaction_(parent).",
                "position": 13,
                "size": 256
            }
        },
        {
            "name": "mem_id_in_focus",
            "type": "STRING",
            "nullable": true,
            "metadata": {
                "id": 14,
                "description": "2 digit NASCO Member ID (not RTMS Member ID).  ",
                "position": 14,
                "size": 50
            }
        },
        {
            "name": "mem_nm_in_focus",
            "type": "STRING",
            "nullable": true,
            "metadata": {
                "id": 15,
                "description": "Full name of the member in focus from the interaction_(parent) workitem.",
                "position": 15,
                "size": 256
            }
        },
        {
            "name": "verified_cntct_nm",
            "type": "STRING",
            "nullable": true,
            "metadata": {
                "id": 16,
                "description": "Name of the caller who was verified.",
                "position": 16,
                "size": 256
            }
        },
        {
            "name": "cntct_type",
            "type": "STRING",
            "nullable": true,
            "metadata": {
                "id": 17,
                "description": "Contact Type/Relationship of the verified caller.",
                "position": 17,
                "size": 150
            }
        },
        {
            "name": "intrctn_acct_nm",
            "type": "STRING",
            "nullable": true,
            "metadata": {
                "id": 18,
                "description": "Name of the account associated with the contract in focus for the interaction_(parent).",
                "position": 18,
                "size": 128
            }
        },
        {
            "name": "intrctn_acct_nbr",
            "type": "STRING",
            "nullable": true,
            "metadata": {
                "id": 19,
                "description": "7 digit RTMS Account Number associated with the contract in focus for the interaction_(parent).",
                "position": 19,
                "size": 50
            }
        },
        {
            "name": "grp_nm",
            "type": "STRING",
            "nullable": true,
            "metadata": {
                "id": 20,
                "description": "Name of the group associated with the contract in focus on the interaction_(parent).Represents the RTMS Group Name.",
                "position": 20,
                "size": 256
            }
        },
        {
            "name": "grp_nbr",
            "type": "STRING",
            "nullable": true,
            "metadata": {
                "id": 21,
                "description": "9 digit RTMS group number associated with the contract in focus on the interaction_(parent).",
                "position": 21,
                "size": 50
            }
        },
        {
            "name": "intrctn_uacc",
            "type": "STRING",
            "nullable": true,
            "metadata": {
                "id": 22,
                "description": "UACC (4 digit code) associated with the contract in focus from the interaction_(parent) workitem.",
                "position": 22,
                "size": 50
            }
        },
        {
            "name": "intrctn_uacc_descr",
            "type": "STRING",
            "nullable": true,
            "metadata": {
                "id": 23,
                "description": "Description of the UACC associated with the contract in focus from the interaction_(parent) workitem.",
                "position": 23,
                "size": 255
            }
        },
        {
            "name": "prmry_rsn_for_intrctn",
            "type": "STRING",
            "nullable": true,
            "metadata": {
                "id": 24,
                "description": "Primary Reason for inquiry.",
                "position": 24,
                "size": 256
            }
        },
        {
            "name": "intrctn_lang",
            "type": "STRING",
            "nullable": true,
            "metadata": {
                "id": 25,
                "description": "Language selected when Language line required field is Yes. Value will be blank if Language line required field is not Yes. Value is not available for Non-Live Interactions.",
                "position": 25,
                "size": 150
            }
        },
        {
            "name": "descr_of_issue",
            "type": "STRING",
            "nullable": true,
            "metadata": {
                "id": 26,
                "description": "Description of the issue for interaction_(parent) from Wrap Up screen (Medicare Advantage only)",
                "position": 26,
                "size": 1000
            }
        },
        {
            "name": "descr_of_resolution",
            "type": "STRING",
            "nullable": true,
            "metadata": {
                "id": 27,
                "description": "Description of the Resolution for interaction_(parent) from Wrap Up screen (Medicare Advantage only)",
                "position": 27,
                "size": 1000
            }
        },
        {
            "name": "corporate_received_dt_time",
            "type": "STRING",
            "nullable": true,
            "metadata": {
                "id": 28,
                "description": "Corporate Received date and time entered on the Create Non-Live interaction_screen",
                "position": 28,
                "size": 26
            }
        },
        {
            "name": "src_for_non_live_intrctn",
            "type": "STRING",
            "nullable": true,
            "metadata": {
                "id": 29,
                "description": "Source for interaction_entered on the Create Non Live interaction_screen (parent)",
                "position": 29,
                "size": 100
            }
        },
        {
            "name": "rsn_for_non_live_intrctn",
            "type": "STRING",
            "nullable": true,
            "metadata": {
                "id": 30,
                "description": "Reason for interaction_entered on Create Non Live interaction_screen (parent). Provides additional detail based on Source for interaction_value selected.",
                "position": 30,
                "size": 255
            }
        },
        {
            "name": "email",
            "type": "STRING",
            "nullable": true,
            "metadata": {
                "id": 31,
                "description": "Email address of member in focus.",
                "position": 31,
                "size": 32
            }
        },
        {
            "name": "intrctn_drtn",
            "type": "STRING",
            "nullable": true,
            "metadata": {
                "id": 32,
                "description": "Duration of the interaction_(parent).",
                "position": 32,
                "size": 19
            }
        },
        {
            "name": "intrctn_cmnts",
            "type": "STRING",
            "nullable": true,
            "metadata": {
                "id": 33,
                "description": "interaction_WRAPUP COMMENTS field contains Comments entered when wrapping up an interaction_(parent).",
                "position": 33,
                "size": 1000
            }
        },
        {
            "name": "intrctn_typ",
            "type": "STRING",
            "nullable": true,
            "metadata": {
                "id": 34,
                "description": "Type of interaction_(parent) selected from the +New list when interaction_is created.",
                "position": 34,
                "size": 50
            }
        },
        {
            "name": "channel",
            "type": "STRING",
            "nullable": true,
            "metadata": {
                "id": 35,
                "description": "Communication channel by which the interaction_(parent) was received.",
                "position": 35,
                "size": 100
            }
        },
        {
            "name": "alert_typ",
            "type": "STRING",
            "nullable": true,
            "metadata": {
                "id": 36,
                "description": "Alert Type displayed in the View Alerts grid on the M360 screen when the View Alerts button is pressed. Multiple alerts may exist for an Interaction.",
                "position": 36,
                "size": 3020
            }
        },
        {
            "name": "alert_level",
            "type": "STRING",
            "nullable": true,
            "metadata": {
                "id": 37,
                "description": "Level of the alert displayed in the View Alerts grid on the M360 screen when the View Alerts button is pressed. Multiple alerts may exist for an Interaction.",
                "position": 37,
                "size": 5120
            }
        },
        {
            "name": "alert_descr",
            "type": "STRING",
            "nullable": true,
            "metadata": {
                "id": 38,
                "description": "Alert message displayed in the View Alerts grid on the M360 screen when the View Alerts button is pressed. Multiple alerts may exist for an Interaction.",
                "position": 38,
                "size": 20020
            }
        },
        {
            "name": "alert_cat",
            "type": "STRING",
            "nullable": true,
            "metadata": {
                "id": 39,
                "description": "Category of the alert displayed in the View Alerts grid on the M360 screen when the View Alerts button is pressed. Multiple alerts may exist for an Interaction.",
                "position": 39,
                "size": 3020
            }
        },
        {
            "name": "alert_actn",
            "type": "STRING",
            "nullable": true,
            "metadata": {
                "id": 40,
                "description": "Action that the user took in response to the alert displayed in the View Alerts grid on the M360 screen when the View Alerts button is pressed. Multiple alerts may exist for an Interaction.",
                "position": 40,
                "size": 5120
            }
        },
        {
            "name": "pln_typ",
            "type": "STRING",
            "nullable": true,
            "metadata": {
                "id": 41,
                "description": "Plan Type associated with the contract in focus from the interaction_(parent) workitem.",
                "position": 41,
                "size": 150
            }
        },
        {
            "name": "file_nm",
            "type": "STRING",
            "nullable": false,
            "metadata": {
                "id": 42,
                "description": "Data Source File Name",
                "position": 42,
                "size": 55
            }
        },
        {
            "name": "load_timestamp",
            "type": "TIMESTAMP",
            "nullable": false,
            "metadata": {
                "id": 43,
                "description": "Load Timestamp",
                "position": 43,
                "size": 0
            }
        },
        {
            "name": "feed_dt",
            "type": "STRING",
            "nullable": false,
            "metadata": {
                "id": 44,
                "description": "Date Extracted from File Name",
                "position": 44,
                "size": 15
            }
        }
    ]
}
