<coordinator-app xmlns="uri:oozie:coordinator:0.4" name="${coordAppName}" frequency="${freq}" start="${startTime}" end="${endTime}" timezone="${timeZone}">
	<controls>
		<!-- timeout if job is not run after 20 minutes -->
		<timeout>20</timeout>
	</controls>
	<datasets>
		<dataset name="success_hdfs_dir" frequency="10" initial-instance="${startTime}" timezone="${timeZone}">
			<uri-template>${successHdfsDir}</uri-template>
			<done-flag>${successFileName}</done-flag>
		</dataset>
	</datasets>
	<input-events>
		<data-in name="success_file" dataset="success_hdfs_dir">
			<instance>${coord:current(0)}</instance>
		</data-in>
	</input-events>
	<action>
		<workflow>
			<app-path>${jobPath}/conf/oozie/workflow/dlap_appsimp_sas_shell_action_workflow.xml</app-path>
		</workflow>
	</action>
</coordinator-app>
