<workflow-app name="workflow_extract_header_detail_delimited" xmlns="uri:oozie:workflow:0.5">
    <start to="shell-1"/>
    <kill name="Kill">
        <message>Action failed, error message</message>
    </kill>
    <action name="shell-1">
        <shell xmlns="uri:oozie:shell-action:0.1">
            <job-tracker>${jobTracker}</job-tracker>
            <name-node>${nameNode}</name-node>
            <exec>shell_extract_header_detail_delimited.sh</exec>
			  <argument>${file_name}</argument>
			   <argument>${attribute_delimiter}</argument>
              <argument>${extract_sql}</argument>            
			  <argument>${insert_sql}</argument>
			  <argument>${tumbleweed_folder}</argument>
			  <argument>${header_sql}</argument>
            <file>/${nameNode}/user/${user.name}/finance/workflow/shellscript/shell_extract_header_detail_delimited.sh#shell_extract_header_detail_delimited.sh</file>
              <capture-output/>
        </shell>
        <ok to="End"/>
        <error to="Kill"/>
    </action>
    <end name="End"/>
</workflow-app>