<workflow-app name="workflow_extract_Header_Detail_delimited" xmlns="uri:oozie:workflow:0.5">
    <start to="shell-1"/>
    <kill name="Kill">
        <message>Action failed, error message[${wf:errorMessage(wf:lastErrorNode())}]</message>
    </kill>
    <action name="shell-1">
        <shell xmlns="uri:oozie:shell-action:0.1">
            <job-tracker>${jobTracker}</job-tracker>
            <name-node>${nameNode}</name-node>
            <exec>/user/csaload1/extract/extract_delimited.sh</exec>
              <argument>${extract_sql}</argument>
              <argument>${shell_file_name}</argument>
              <argument>${attribute_delimiter}</argument>
              <argument>${tumbleweed_folder}</argument>
			  <argument>${insert_sql}</argument>
              <argument>${header_sql}</argument>
			  <argument>${file_format}</argument>
			  <argument>${file_timestamp}</argument>
            <file>/user/csaload1/extract/extract_delimited.sh#extract_delimited.sh</file>
              <capture-output/>
        </shell>
        <ok to="End"/>
        <error to="Kill"/>
    </action>
    <end name="End"/>
</workflow-app>