<workflow-app name="${wfAppName}" xmlns="uri:oozie:workflow:0.5" >
	<start to="Spark-Node" />
		<action name="Spark-Node">
			<shell xmlns="uri:oozie:shell-action:0.1">
				<job-tracker>${jobTracker}</job-tracker>
				<name-node>${nameNode}</name-node>
				<exec>dlap_appsimp_sas_spark_job_submit_oozie.sh</exec>
				<argument>--job</argument>
				<argument>${jobName}</argument>
				<argument>--dmn</argument>
				<argument>${jobDmn}</argument>
				<argument>--env</argument>
                                <argument>${jobEnv}</argument>
				<argument>--job-args</argument>
				<argument>${jobArgs}</argument>
				<env-var>HOME=${userHome}</env-var>
				<env-var>JOB_SPARK_ANACONDA_PYTHON=${sparkAnacondaPython}</env-var>
				<env-var>JOB_SPARK_DRIVER_MEMORY=${sparkDriverMemory}</env-var>
				<env-var>JOB_SPARK_EXECUTOR_MEMORY=${sparkExecutorMemory}</env-var>
				<env-var>JOB_SPARK_NUM_EXECUTORS=${sparkNumExecutors}</env-var>
				<env-var>JOB_SPARK_EXECUTOR_CORES=${sparkExecutorCores}</env-var>
				<env-var>JOB_SPARK_DRIVER_CORES=${sparkDriverCores}</env-var>
				<env-var>JOB_SPARK_YARN_MAXAPPATTEMPTS=${sparkYarnMaxAppAttempts}</env-var>
				<file>${jobPath}/bin/spark_submit/dlap_appsimp_sas_spark_job_submit_oozie.sh#dlap_appsimp_sas_spark_job_submit_oozie.sh</file>
				<file>${jobPath}/conf/log4j/dlap_appsimp_sas_log4j.properties#dlap_appsimp_sas_log4j.properties</file>
				<file>${jobPath}/lib/jobs.zip#jobs.zip</file>
				<file>${jobPath}/lib/libs.zip#libs.zip</file>
				<file>${jobPath}/bin/spark_submit/dlap_appsimp_sas_main.py#dlap_appsimp_sas_main.py</file>
				<capture-output/>
			</shell>
			<ok to="End" />
			<error to="Fail" />
		</action>
		<kill name="Fail">
			<message>Workflow Failed, error message[${wf:errorMessage(wf:lastErrorNode())}]</message>
		</kill>
	<end name="End" />
</workflow-app>
