{
    "name": "claim_sas_nasco_weekly_bank_stdrd_seg",
    "business_domain": "sas",
    "source_system_code": "nsc",
    "description": "This is Bank Standard Segment Record Extract from Nasco. This is received Weekly",
    "file_format": "DELIMITED",
    "delimiter": "|",
    "file_naming_format": "(DEV|TEST|STG|PROD)_NASCO_WEEKLY_BANK_STDRD_SEG_d{8}.txt",
    "partition_keys": [
        "feed_cycle",
        "feed_dt"
    ],
    "ingest_type": "FILE",
    "multi_record_type_indicator": "",
    "multi_record_type_indicator_pos": "",
    "raw_schema": [
        {
            "name": "control_plan_number",
            "type": "STRING",
            "nullable": true,
            "metadata": {
                "id": 1,
                "description": "Control Plan Number",
                "position": 1,
                "size": 3
            }
        },
        {
            "name": "customer_plan_number",
            "type": "STRING",
            "nullable": true,
            "metadata": {
                "id": 2,
                "description": "Customer Plan Number",
                "position": 2,
                "size": 3
            }
        },
        {
            "name": "check_account_id",
            "type": "STRING",
            "nullable": true,
            "metadata": {
                "id": 3,
                "description": "Check Account ID",
                "position": 3,
                "size": 4
            }
        },
        {
            "name": "micr_number",
            "type": "STRING",
            "nullable": true,
            "metadata": {
                "id": 4,
                "description": "MICR Number",
                "position": 4,
                "size": 10
            }
        },
        {
            "name": "segment_id",
            "type": "STRING",
            "nullable": true,
            "metadata": {
                "id": 5,
                "description": "Segment ID",
                "position": 5,
                "size": 1
            }
        },
        {
            "name": "subscriber_plan",
            "type": "STRING",
            "nullable": true,
            "metadata": {
                "id": 6,
                "description": "Subscriber Plan",
                "position": 6,
                "size": 3
            }
        },
        {
            "name": "member_number",
            "type": "STRING",
            "nullable": true,
            "metadata": {
                "id": 7,
                "description": "Member Number",
                "position": 7,
                "size": 13
            }
        },
        {
            "name": "action_plan",
            "type": "STRING",
            "nullable": true,
            "metadata": {
                "id": 8,
                "description": "Action Plan",
                "position": 8,
                "size": 3
            }
        },
        {
            "name": "claim_number",
            "type": "STRING",
            "nullable": true,
            "metadata": {
                "id": 9,
                "description": "Claim Number",
                "position": 9,
                "size": 15
            }
        },
        {
            "name": "pay_amount",
            "type": "DOUBLE",
            "nullable": true,
            "metadata": {
                "id": 10,
                "description": "Pay Amount",
                "position": 10,
                "size": 11
            }
        },
        {
            "name": "type",
            "type": "STRING",
            "nullable": true,
            "metadata": {
                "id": 11,
                "description": "type",
                "position": 11,
                "size": 3
            }
        },
        {
            "name": "disposition_code",
            "type": "STRING",
            "nullable": true,
            "metadata": {
                "id": 12,
                "description": "Disposition Code",
                "position": 12,
                "size": 1
            }
        },
        {
            "name": "interest_flag",
            "type": "STRING",
            "nullable": true,
            "metadata": {
                "id": 13,
                "description": "Interest Flag",
                "position": 13,
                "size": 1
            }
        },
        {
            "name": "stop_pay_indicator",
            "type": "STRING",
            "nullable": true,
            "metadata": {
                "id": 14,
                "description": "Stop Pay Indicator",
                "position": 14,
                "size": 1
            }
        },
        {
            "name": "group_owner_plan",
            "type": "STRING",
            "nullable": true,
            "metadata": {
                "id": 15,
                "description": "Group Owner Plan",
                "position": 15,
                "size": 6
            }
        },
        {
            "name": "group_superset_code",
            "type": "STRING",
            "nullable": true,
            "metadata": {
                "id": 16,
                "description": "Group Superset Code",
                "position": 16,
                "size": 6
            }
        },
        {
            "name": "group_groupset_code",
            "type": "STRING",
            "nullable": true,
            "metadata": {
                "id": 17,
                "description": "Group Groupset Code",
                "position": 17,
                "size": 6
            }
        },
        {
            "name": "group_service_plan_code",
            "type": "STRING",
            "nullable": true,
            "metadata": {
                "id": 18,
                "description": "Group Service Plan Code",
                "position": 18,
                "size": 6
            }
        },
        {
            "name": "group_fund_plan_code",
            "type": "STRING",
            "nullable": true,
            "metadata": {
                "id": 19,
                "description": "Group Fund Plan Code",
                "position": 19,
                "size": 4
            }
        }
    ],
    "curate_schema": [
        {
            "name": "cntrl_pln_num",
            "type": "STRING",
            "nullable": true,
            "metadata": {
                "id": 1,
                "description": "Control Plan Number",
                "position": 1,
                "size": 3
            }
        },
        {
            "name": "cust_pln_num",
            "type": "STRING",
            "nullable": true,
            "metadata": {
                "id": 2,
                "description": "Customer Plan Number",
                "position": 2,
                "size": 3
            }
        },
        {
            "name": "chk_acct_id",
            "type": "STRING",
            "nullable": true,
            "metadata": {
                "id": 3,
                "description": "Check Account ID",
                "position": 3,
                "size": 4
            }
        },
        {
            "name": "micr_num",
            "type": "STRING",
            "nullable": true,
            "metadata": {
                "id": 4,
                "description": "MICR Number",
                "position": 4,
                "size": 10
            }
        },
        {
            "name": "seg_id",
            "type": "STRING",
            "nullable": true,
            "metadata": {
                "id": 5,
                "description": "Segment ID",
                "position": 5,
                "size": 1
            }
        },
        {
            "name": "sub_pln",
            "type": "STRING",
            "nullable": true,
            "metadata": {
                "id": 6,
                "description": "Subscriber Plan",
                "position": 6,
                "size": 3
            }
        },
        {
            "name": "mem_num",
            "type": "STRING",
            "nullable": true,
            "metadata": {
                "id": 7,
                "description": "Member Number",
                "position": 7,
                "size": 13
            }
        },
        {
            "name": "actn_pln",
            "type": "STRING",
            "nullable": true,
            "metadata": {
                "id": 8,
                "description": "Action Plan",
                "position": 8,
                "size": 3
            }
        },
        {
            "name": "clm_num",
            "type": "STRING",
            "nullable": true,
            "metadata": {
                "id": 9,
                "description": "Claim Number",
                "position": 9,
                "size": 15
            }
        },
        {
            "name": "pay_amt",
            "type": "DOUBLE",
            "nullable": true,
            "metadata": {
                "id": 10,
                "description": "Pay Amount",
                "position": 10,
                "size": 11
            }
        },
        {
            "name": "typ",
            "type": "STRING",
            "nullable": true,
            "metadata": {
                "id": 11,
                "description": "type",
                "position": 11,
                "size": 3
            }
        },
        {
            "name": "dispos_cd",
            "type": "STRING",
            "nullable": true,
            "metadata": {
                "id": 12,
                "description": "Disposition Code",
                "position": 12,
                "size": 1
            }
        },
        {
            "name": "int_flag",
            "type": "STRING",
            "nullable": true,
            "metadata": {
                "id": 13,
                "description": "Interest Flag",
                "position": 13,
                "size": 1
            }
        },
        {
            "name": "stop_pay_ind",
            "type": "STRING",
            "nullable": true,
            "metadata": {
                "id": 14,
                "description": "Stop Pay Indicator",
                "position": 14,
                "size": 1
            }
        },
        {
            "name": "grp_own_pln",
            "type": "STRING",
            "nullable": true,
            "metadata": {
                "id": 15,
                "description": "Group Owner Plan",
                "position": 15,
                "size": 6
            }
        },
        {
            "name": "grp_superset_cd",
            "type": "STRING",
            "nullable": true,
            "metadata": {
                "id": 16,
                "description": "Group Superset Code",
                "position": 16,
                "size": 6
            }
        },
        {
            "name": "grp_groupset_cd",
            "type": "STRING",
            "nullable": true,
            "metadata": {
                "id": 17,
                "description": "Group Groupset Code",
                "position": 17,
                "size": 6
            }
        },
        {
            "name": "grp_svc_pln_cd",
            "type": "STRING",
            "nullable": true,
            "metadata": {
                "id": 18,
                "description": "Group Service Plan Code",
                "position": 18,
                "size": 6
            }
        },
        {
            "name": "grp_fund_pln_cd",
            "type": "STRING",
            "nullable": true,
            "metadata": {
                "id": 19,
                "description": "Group Fund Plan Code",
                "position": 19,
                "size": 4
            }
        },
        {
            "name": "file_nm",
            "type": "STRING",
            "nullable": false,
            "metadata": {
                "id": 20,
                "description": "Data Source File Name",
                "position": 20,
                "size": 50
            }
        },
        {
            "name": "load_timestamp",
            "type": "TIMESTAMP",
            "nullable": false,
            "metadata": {
                "id": 21,
                "description": "Load Timestamp",
                "position": 21,
                "size": 0
            }
        },
        {
            "name": "feed_cycle",
            "type": "STRING",
            "nullable": false,
            "metadata": {
                "id": 22,
                "description": "Weekly Cycle Extracted from File Name",
                "position": 22,
                "size": 8
            }
        },
        {
            "name": "feed_dt",
            "type": "STRING",
            "nullable": false,
            "metadata": {
                "id": 23,
                "description": "Date Extracted from File Name",
                "position": 23,
                "size": 8
            }
        }
    ]
}
