{
    "name": "claim_sas_nasco_daily_cash_ar_dispos",
    "business_domain": "sas",
    "source_system_code": "nsc",
    "description": "This is Cash AR Disposition Record Extract from Nasco. This is received Daily",
    "file_format": "DELIMITED",
    "delimiter": "|",
    "file_naming_format": "(DEV|TEST|STG|PROD)_NASCO_DAILY_CASH_AR_DISPOS_d{8}.txt",
    "partition_keys": ["feed_cycle","feed_dt"],
    "ingest_type": "FILE",
    "multi_record_type_indicator": "",
    "multi_record_type_indicator_pos": "",
    "raw_schema": [
        {
            "name": "control_plan_number",
            "type": "STRING",
            "nullable": true,
            "metadata": {
                "id": 1,
                "description": "Control Plan Number",
                "position": 1,
                "size": 3
            }
        },
        {
            "name": "customer_number",
            "type": "STRING",
            "nullable": true,
            "metadata": {
                "id": 2,
                "description": "Customer Number or Owner Plan Number",
                "position": 2,
                "size": 3
            }
        },
        {
            "name": "file_code",
            "type": "STRING",
            "nullable": true,
            "metadata": {
                "id": 3,
                "description": "File Code",
                "position": 3,
                "size": 2
            }
        },
        {
            "name": "control_number",
            "type": "STRING",
            "nullable": true,
            "metadata": {
                "id": 4,
                "description": "Control Number",
                "position": 4,
                "size": 10
            }
        },
        {
            "name": "record_code",
            "type": "STRING",
            "nullable": true,
            "metadata": {
                "id": 5,
                "description": "Record Code",
                "position": 5,
                "size": 3
            }
        },
        {
            "name": "pay_adjustment_code_1",
            "type": "STRING",
            "nullable": true,
            "metadata": {
                "id": 6,
                "description": "Pay Adjustment Code 1",
                "position": 6,
                "size": 3
            }
        },
        {
            "name": "disposition_amount_1",
            "type": "DOUBLE",
            "nullable": true,
            "metadata": {
                "id": 7,
                "description": "Disposition Amount 1",
                "position": 7,
                "size": 11
            }
        },
        {
            "name": "disposition_date_1",
            "type": "STRING",
            "nullable": true,
            "metadata": {
                "id": 8,
                "description": "Disposition Date 1",
                "position": 8,
                "size": 8
            }
        },
        {
            "name": "disposition_clerk_number_1",
            "type": "STRING",
            "nullable": true,
            "metadata": {
                "id": 9,
                "description": "Disposition Clerk Number 1",
                "position": 9,
                "size": 4
            }
        },
        {
            "name": "cr_control_number_1",
            "type": "STRING",
            "nullable": true,
            "metadata": {
                "id": 10,
                "description": "CR Control Number 1",
                "position": 10,
                "size": 10
            }
        },
        {
            "name": "disposition_action_plan_1",
            "type": "STRING",
            "nullable": true,
            "metadata": {
                "id": 11,
                "description": "Dispostion Action Plan 1",
                "position": 11,
                "size": 3
            }
        },
        {
            "name": "disposition_claim_number_1",
            "type": "STRING",
            "nullable": true,
            "metadata": {
                "id": 12,
                "description": "Dispostion Claim Number 1",
                "position": 12,
                "size": 16
            }
        },
        {
            "name": "disposition_subscriber_plan_1",
            "type": "STRING",
            "nullable": true,
            "metadata": {
                "id": 13,
                "description": "Disposition Subscriber Plan 1",
                "position": 13,
                "size": 3
            }
        },
        {
            "name": "disposition_member_number_1",
            "type": "STRING",
            "nullable": true,
            "metadata": {
                "id": 14,
                "description": "Disposition Member Number 1",
                "position": 14,
                "size": 14
            }
        },
        {
            "name": "disposition_reason_code_1",
            "type": "STRING",
            "nullable": true,
            "metadata": {
                "id": 15,
                "description": "Disposition Reason Code 1",
                "position": 15,
                "size": 3
            }
        },
        {
            "name": "disposition_1099_code_1",
            "type": "STRING",
            "nullable": true,
            "metadata": {
                "id": 16,
                "description": "Disposition 1099 Code 1",
                "position": 16,
                "size": 1
            }
        },
        {
            "name": "disposition_je_code_1",
            "type": "STRING",
            "nullable": true,
            "metadata": {
                "id": 17,
                "description": "Disposition JE Code 1",
                "position": 17,
                "size": 1
            }
        },
        {
            "name": "disposition_je_date_1",
            "type": "STRING",
            "nullable": true,
            "metadata": {
                "id": 18,
                "description": "Disposition JE Date 1",
                "position": 18,
                "size": 8
            }
        },
        {
            "name": "disposition_source_1",
            "type": "STRING",
            "nullable": true,
            "metadata": {
                "id": 19,
                "description": "Disposition Source 1",
                "position": 19,
                "size": 1
            }
        },
        {
            "name": "disposition_ar_type_1",
            "type": "STRING",
            "nullable": true,
            "metadata": {
                "id": 20,
                "description": "Disposition AR Type 1",
                "position": 20,
                "size": 3
            }
        },
        {
            "name": "disposition_owner_plan_1",
            "type": "STRING",
            "nullable": true,
            "metadata": {
                "id": 21,
                "description": "Disposition Owner Plan 1",
                "position": 21,
                "size": 6
            }
        },
        {
            "name": "disposition_group_superset_code_1",
            "type": "STRING",
            "nullable": true,
            "metadata": {
                "id": 22,
                "description": "Disposition Group Superset Code 1",
                "position": 22,
                "size": 6
            }
        },
        {
            "name": "disposition_group_groupset_code_1",
            "type": "STRING",
            "nullable": true,
            "metadata": {
                "id": 23,
                "description": "Disposition Group Groupset Code 1",
                "position": 23,
                "size": 6
            }
        },
        {
            "name": "disposition_group_service_plan_code_1",
            "type": "STRING",
            "nullable": true,
            "metadata": {
                "id": 24,
                "description": "Disposition Group Service Plan Code 1",
                "position": 24,
                "size": 6
            }
        },
        {
            "name": "disposition_group_fund_plan_code_1",
            "type": "STRING",
            "nullable": true,
            "metadata": {
                "id": 25,
                "description": "Disposition Group Fund Plan Code 1",
                "position": 25,
                "size": 4
            }
        },
        {
            "name": "disposition_action_code_1",
            "type": "STRING",
            "nullable": true,
            "metadata": {
                "id": 26,
                "description": "Disposition Action Code 1",
                "position": 26,
                "size": 3
            }
        },
        {
            "name": "pay_adjustment_code_2",
            "type": "STRING",
            "nullable": true,
            "metadata": {
                "id": 27,
                "description": "Pay Adjustment Code 2",
                "position": 27,
                "size": 3
            }
        },
        {
            "name": "disposition_amount_2",
            "type": "DOUBLE",
            "nullable": true,
            "metadata": {
                "id": 28,
                "description": "Disposition Amount 2",
                "position": 28,
                "size": 11
            }
        },
        {
            "name": "disposition_date_2",
            "type": "STRING",
            "nullable": true,
            "metadata": {
                "id": 29,
                "description": "Disposition Date 2",
                "position": 29,
                "size": 8
            }
        },
        {
            "name": "disposition_clerk_number_2",
            "type": "STRING",
            "nullable": true,
            "metadata": {
                "id": 30,
                "description": "Disposition Clerk Number 2",
                "position": 30,
                "size": 4
            }
        },
        {
            "name": "cr_control_number_2",
            "type": "STRING",
            "nullable": true,
            "metadata": {
                "id": 31,
                "description": "CR Control Number 2",
                "position": 31,
                "size": 10
            }
        },
        {
            "name": "disposition_action_plan_2",
            "type": "STRING",
            "nullable": true,
            "metadata": {
                "id": 32,
                "description": "Dispostion Action Plan 2",
                "position": 32,
                "size": 3
            }
        },
        {
            "name": "disposition_claim_number_2",
            "type": "STRING",
            "nullable": true,
            "metadata": {
                "id": 33,
                "description": "Dispostion Claim Number 2",
                "position": 33,
                "size": 16
            }
        },
        {
            "name": "disposition_subscriber_plan_2",
            "type": "STRING",
            "nullable": true,
            "metadata": {
                "id": 34,
                "description": "Disposition Subscriber Plan 2",
                "position": 34,
                "size": 3
            }
        },
        {
            "name": "disposition_member_number_2",
            "type": "STRING",
            "nullable": true,
            "metadata": {
                "id": 35,
                "description": "Disposition Member Number 2",
                "position": 35,
                "size": 14
            }
        },
        {
            "name": "disposition_reason_code_2",
            "type": "STRING",
            "nullable": true,
            "metadata": {
                "id": 36,
                "description": "Disposition Reason Code 2",
                "position": 36,
                "size": 3
            }
        },
        {
            "name": "disposition_1099_code_2",
            "type": "STRING",
            "nullable": true,
            "metadata": {
                "id": 37,
                "description": "Disposition 1099 Code 2",
                "position": 37,
                "size": 1
            }
        },
        {
            "name": "disposition_je_code_2",
            "type": "STRING",
            "nullable": true,
            "metadata": {
                "id": 38,
                "description": "Disposition JE Code 2",
                "position": 38,
                "size": 1
            }
        },
        {
            "name": "disposition_je_date_2",
            "type": "STRING",
            "nullable": true,
            "metadata": {
                "id": 39,
                "description": "Disposition JE Date 2",
                "position": 39,
                "size": 8
            }
        },
        {
            "name": "disposition_source_2",
            "type": "STRING",
            "nullable": true,
            "metadata": {
                "id": 40,
                "description": "Disposition Source 2",
                "position": 40,
                "size": 1
            }
        },
        {
            "name": "disposition_ar_type_2",
            "type": "STRING",
            "nullable": true,
            "metadata": {
                "id": 41,
                "description": "Disposition AR Type 2",
                "position": 41,
                "size": 3
            }
        },
        {
            "name": "disposition_owner_plan_2",
            "type": "STRING",
            "nullable": true,
            "metadata": {
                "id": 42,
                "description": "Disposition Owner Plan 2",
                "position": 42,
                "size": 6
            }
        },
        {
            "name": "disposition_group_superset_code_2",
            "type": "STRING",
            "nullable": true,
            "metadata": {
                "id": 43,
                "description": "Disposition Group Superset Code 2",
                "position": 43,
                "size": 6
            }
        },
        {
            "name": "disposition_group_groupset_code_2",
            "type": "STRING",
            "nullable": true,
            "metadata": {
                "id": 44,
                "description": "Disposition Group Groupset Code 2",
                "position": 44,
                "size": 6
            }
        },
        {
            "name": "disposition_group_service_plan_code_2",
            "type": "STRING",
            "nullable": true,
            "metadata": {
                "id": 45,
                "description": "Disposition Group Service Plan Code 2",
                "position": 45,
                "size": 6
            }
        },
        {
            "name": "disposition_group_fund_plan_code_2",
            "type": "STRING",
            "nullable": true,
            "metadata": {
                "id": 46,
                "description": "Disposition Group Fund Plan Code 2",
                "position": 46,
                "size": 4
            }
        },
        {
            "name": "disposition_action_code_2",
            "type": "STRING",
            "nullable": true,
            "metadata": {
                "id": 47,
                "description": "Disposition Action Code 2",
                "position": 47,
                "size": 3
            }
        },
        {
            "name": "pay_adjustment_code_3",
            "type": "STRING",
            "nullable": true,
            "metadata": {
                "id": 48,
                "description": "Pay Adjustment Code 3",
                "position": 48,
                "size": 3
            }
        },
        {
            "name": "disposition_amount_3",
            "type": "DOUBLE",
            "nullable": true,
            "metadata": {
                "id": 49,
                "description": "Disposition Amount 3",
                "position": 49,
                "size": 11
            }
        },
        {
            "name": "disposition_date_3",
            "type": "STRING",
            "nullable": true,
            "metadata": {
                "id": 50,
                "description": "Disposition Date 3",
                "position": 50,
                "size": 8
            }
        },
        {
            "name": "disposition_clerk_number_3",
            "type": "STRING",
            "nullable": true,
            "metadata": {
                "id": 51,
                "description": "Disposition Clerk Number 3",
                "position": 51,
                "size": 4
            }
        },
        {
            "name": "cr_control_number_3",
            "type": "STRING",
            "nullable": true,
            "metadata": {
                "id": 52,
                "description": "CR Control Number 3",
                "position": 52,
                "size": 10
            }
        },
        {
            "name": "disposition_action_plan_3",
            "type": "STRING",
            "nullable": true,
            "metadata": {
                "id": 53,
                "description": "Dispostion Action Plan 3",
                "position": 53,
                "size": 3
            }
        },
        {
            "name": "disposition_claim_number_3",
            "type": "STRING",
            "nullable": true,
            "metadata": {
                "id": 54,
                "description": "Dispostion Claim Number 3",
                "position": 54,
                "size": 16
            }
        },
        {
            "name": "disposition_subscriber_plan_3",
            "type": "STRING",
            "nullable": true,
            "metadata": {
                "id": 55,
                "description": "Disposition Subscriber Plan 3",
                "position": 55,
                "size": 3
            }
        },
        {
            "name": "disposition_member_number_3",
            "type": "STRING",
            "nullable": true,
            "metadata": {
                "id": 56,
                "description": "Disposition Member Number 3",
                "position": 56,
                "size": 14
            }
        },
        {
            "name": "disposition_reason_code_3",
            "type": "STRING",
            "nullable": true,
            "metadata": {
                "id": 57,
                "description": "Disposition Reason Code 3",
                "position": 57,
                "size": 3
            }
        },
        {
            "name": "disposition_1099_code_3",
            "type": "STRING",
            "nullable": true,
            "metadata": {
                "id": 58,
                "description": "Disposition 1099 Code 3",
                "position": 58,
                "size": 1
            }
        },
        {
            "name": "disposition_je_code_3",
            "type": "STRING",
            "nullable": true,
            "metadata": {
                "id": 59,
                "description": "Disposition JE Code 3",
                "position": 59,
                "size": 1
            }
        },
        {
            "name": "disposition_je_date_3",
            "type": "STRING",
            "nullable": true,
            "metadata": {
                "id": 60,
                "description": "Disposition JE Date 3",
                "position": 60,
                "size": 8
            }
        },
        {
            "name": "disposition_source_3",
            "type": "STRING",
            "nullable": true,
            "metadata": {
                "id": 61,
                "description": "Disposition Source 3",
                "position": 61,
                "size": 1
            }
        },
        {
            "name": "disposition_ar_type_3",
            "type": "STRING",
            "nullable": true,
            "metadata": {
                "id": 62,
                "description": "Disposition AR Type 3",
                "position": 62,
                "size": 3
            }
        },
        {
            "name": "disposition_owner_plan_3",
            "type": "STRING",
            "nullable": true,
            "metadata": {
                "id": 63,
                "description": "Disposition Owner Plan 3",
                "position": 63,
                "size": 6
            }
        },
        {
            "name": "disposition_group_superset_code_3",
            "type": "STRING",
            "nullable": true,
            "metadata": {
                "id": 64,
                "description": "Disposition Group Superset Code 3",
                "position": 64,
                "size": 6
            }
        },
        {
            "name": "disposition_group_groupset_code_3",
            "type": "STRING",
            "nullable": true,
            "metadata": {
                "id": 65,
                "description": "Disposition Group Groupset Code 3",
                "position": 65,
                "size": 6
            }
        },
        {
            "name": "disposition_group_service_plan_code_3",
            "type": "STRING",
            "nullable": true,
            "metadata": {
                "id": 66,
                "description": "Disposition Group Service Plan Code 3",
                "position": 66,
                "size": 6
            }
        },
        {
            "name": "disposition_group_fund_plan_code_3",
            "type": "STRING",
            "nullable": true,
            "metadata": {
                "id": 67,
                "description": "Disposition Group Fund Plan Code 3",
                "position": 67,
                "size": 4
            }
        },
        {
            "name": "disposition_action_code_3",
            "type": "STRING",
            "nullable": true,
            "metadata": {
                "id": 68,
                "description": "Disposition Action Code 3",
                "position": 68,
                "size": 3
            }
        },
        {
            "name": "pay_adjustment_code_4",
            "type": "STRING",
            "nullable": true,
            "metadata": {
                "id": 69,
                "description": "Pay Adjustment Code 4",
                "position": 69,
                "size": 3
            }
        },
        {
            "name": "disposition_amount_4",
            "type": "DOUBLE",
            "nullable": true,
            "metadata": {
                "id": 70,
                "description": "Disposition Amount 4",
                "position": 70,
                "size": 11
            }
        },
        {
            "name": "disposition_date_4",
            "type": "STRING",
            "nullable": true,
            "metadata": {
                "id": 71,
                "description": "Disposition Date 4",
                "position": 71,
                "size": 8
            }
        },
        {
            "name": "disposition_clerk_number_4",
            "type": "STRING",
            "nullable": true,
            "metadata": {
                "id": 72,
                "description": "Disposition Clerk Number 4",
                "position": 72,
                "size": 4
            }
        },
        {
            "name": "cr_control_number_4",
            "type": "STRING",
            "nullable": true,
            "metadata": {
                "id": 73,
                "description": "CR Control Number 4",
                "position": 73,
                "size": 10
            }
        },
        {
            "name": "disposition_action_plan_4",
            "type": "STRING",
            "nullable": true,
            "metadata": {
                "id": 74,
                "description": "Dispostion Action Plan 4",
                "position": 74,
                "size": 3
            }
        },
        {
            "name": "disposition_claim_number_4",
            "type": "STRING",
            "nullable": true,
            "metadata": {
                "id": 75,
                "description": "Dispostion Claim Number 4",
                "position": 75,
                "size": 16
            }
        },
        {
            "name": "disposition_subscriber_plan_4",
            "type": "STRING",
            "nullable": true,
            "metadata": {
                "id": 76,
                "description": "Disposition Subscriber Plan 4",
                "position": 76,
                "size": 3
            }
        },
        {
            "name": "disposition_member_number_4",
            "type": "STRING",
            "nullable": true,
            "metadata": {
                "id": 77,
                "description": "Disposition Member Number 4",
                "position": 77,
                "size": 14
            }
        },
        {
            "name": "disposition_reason_code_4",
            "type": "STRING",
            "nullable": true,
            "metadata": {
                "id": 78,
                "description": "Disposition Reason Code 4",
                "position": 78,
                "size": 3
            }
        },
        {
            "name": "disposition_1099_code_4",
            "type": "STRING",
            "nullable": true,
            "metadata": {
                "id": 79,
                "description": "Disposition 1099 Code 4",
                "position": 79,
                "size": 1
            }
        },
        {
            "name": "disposition_je_code_4",
            "type": "STRING",
            "nullable": true,
            "metadata": {
                "id": 80,
                "description": "Disposition JE Code 4",
                "position": 80,
                "size": 1
            }
        },
        {
            "name": "disposition_je_date_4",
            "type": "STRING",
            "nullable": true,
            "metadata": {
                "id": 81,
                "description": "Disposition JE Date 4",
                "position": 81,
                "size": 8
            }
        },
        {
            "name": "disposition_source_4",
            "type": "STRING",
            "nullable": true,
            "metadata": {
                "id": 82,
                "description": "Disposition Source 4",
                "position": 82,
                "size": 1
            }
        },
        {
            "name": "disposition_ar_type_4",
            "type": "STRING",
            "nullable": true,
            "metadata": {
                "id": 83,
                "description": "Disposition AR Type 4",
                "position": 83,
                "size": 3
            }
        },
        {
            "name": "disposition_owner_plan_4",
            "type": "STRING",
            "nullable": true,
            "metadata": {
                "id": 84,
                "description": "Disposition Owner Plan 4",
                "position": 84,
                "size": 6
            }
        },
        {
            "name": "disposition_group_superset_code_4",
            "type": "STRING",
            "nullable": true,
            "metadata": {
                "id": 85,
                "description": "Disposition Group Superset Code 4",
                "position": 85,
                "size": 6
            }
        },
        {
            "name": "disposition_group_groupset_code_4",
            "type": "STRING",
            "nullable": true,
            "metadata": {
                "id": 86,
                "description": "Disposition Group Groupset Code 4",
                "position": 86,
                "size": 6
            }
        },
        {
            "name": "disposition_group_service_plan_code_4",
            "type": "STRING",
            "nullable": true,
            "metadata": {
                "id": 87,
                "description": "Disposition Group Service Plan Code 4",
                "position": 87,
                "size": 6
            }
        },
        {
            "name": "disposition_group_fund_plan_code_4",
            "type": "STRING",
            "nullable": true,
            "metadata": {
                "id": 88,
                "description": "Disposition Group Fund Plan Code 4",
                "position": 88,
                "size": 4
            }
        },
        {
            "name": "disposition_action_code_4",
            "type": "STRING",
            "nullable": true,
            "metadata": {
                "id": 89,
                "description": "Disposition Action Code 4",
                "position": 89,
                "size": 3
            }
        },
        {
            "name": "record_cmplt_code",
            "type": "STRING",
            "nullable": true,
            "metadata": {
                "id": 90,
                "description": "Record Completion Code",
                "position": 90,
                "size": 1
            }
        },
        {
            "name": "history_cmplt_code",
            "type": "STRING",
            "nullable": true,
            "metadata": {
                "id": 91,
                "description": "History Completion Code",
                "position": 91,
                "size": 1
            }
        }
    ],
    "curate_schema": [
        {
            "name": "cntrl_pln_num",
            "type": "STRING",
            "nullable": true,
            "metadata": {
                "id": 1,
                "description": "Control Plan Number",
                "position": 1,
                "size": 3
            }
        },
        {
            "name": "cust_num",
            "type": "STRING",
            "nullable": true,
            "metadata": {
                "id": 2,
                "description": "Customer Number or Owner Plan Number",
                "position": 2,
                "size": 3
            }
        },
        {
            "name": "file_cd",
            "type": "STRING",
            "nullable": true,
            "metadata": {
                "id": 3,
                "description": "File Code",
                "position": 3,
                "size": 2
            }
        },
        {
            "name": "cntrl_num",
            "type": "STRING",
            "nullable": true,
            "metadata": {
                "id": 4,
                "description": "Control Number",
                "position": 4,
                "size": 10
            }
        },
        {
            "name": "rcrd_cd",
            "type": "STRING",
            "nullable": true,
            "metadata": {
                "id": 5,
                "description": "Record Code",
                "position": 5,
                "size": 3
            }
        },
        {
            "name": "pay_adj_cd_1",
            "type": "STRING",
            "nullable": true,
            "metadata": {
                "id": 6,
                "description": "Pay Adjustment Code 1",
                "position": 6,
                "size": 3
            }
        },
        {
            "name": "dispos_amt_1",
            "type": "DOUBLE",
            "nullable": true,
            "metadata": {
                "id": 7,
                "description": "Disposition Amount 1",
                "position": 7,
                "size": 11
            }
        },
        {
            "name": "dispos_dt_1",
            "type": "STRING",
            "nullable": true,
            "metadata": {
                "id": 8,
                "description": "Disposition Date 1",
                "position": 8,
                "size": 8
            }
        },
        {
            "name": "dispos_clerk_num_1",
            "type": "STRING",
            "nullable": true,
            "metadata": {
                "id": 9,
                "description": "Disposition Clerk Number 1",
                "position": 9,
                "size": 4
            }
        },
        {
            "name": "cr_cntrl_num_1",
            "type": "STRING",
            "nullable": true,
            "metadata": {
                "id": 10,
                "description": "CR Control Number 1",
                "position": 10,
                "size": 10
            }
        },
        {
            "name": "dispos_actn_pln_1",
            "type": "STRING",
            "nullable": true,
            "metadata": {
                "id": 11,
                "description": "Dispostion Action Plan 1",
                "position": 11,
                "size": 3
            }
        },
        {
            "name": "dispos_clm_num_1",
            "type": "STRING",
            "nullable": true,
            "metadata": {
                "id": 12,
                "description": "Dispostion Claim Number 1",
                "position": 12,
                "size": 16
            }
        },
        {
            "name": "dispos_sub_pln_1",
            "type": "STRING",
            "nullable": true,
            "metadata": {
                "id": 13,
                "description": "Disposition Subscriber Plan 1",
                "position": 13,
                "size": 3
            }
        },
        {
            "name": "dispos_mem_num_1",
            "type": "STRING",
            "nullable": true,
            "metadata": {
                "id": 14,
                "description": "Disposition Member Number 1",
                "position": 14,
                "size": 14
            }
        },
        {
            "name": "dispos_rsn_cd_1",
            "type": "STRING",
            "nullable": true,
            "metadata": {
                "id": 15,
                "description": "Disposition Reason Code 1",
                "position": 15,
                "size": 3
            }
        },
        {
            "name": "dispos_1099_cd_1",
            "type": "STRING",
            "nullable": true,
            "metadata": {
                "id": 16,
                "description": "Disposition 1099 Code 1",
                "position": 16,
                "size": 1
            }
        },
        {
            "name": "dispos_je_cd_1",
            "type": "STRING",
            "nullable": true,
            "metadata": {
                "id": 17,
                "description": "Disposition JE Code 1",
                "position": 17,
                "size": 1
            }
        },
        {
            "name": "dispos_je_dt_1",
            "type": "STRING",
            "nullable": true,
            "metadata": {
                "id": 18,
                "description": "Disposition JE Date 1",
                "position": 18,
                "size": 8
            }
        },
        {
            "name": "dispos_src_1",
            "type": "STRING",
            "nullable": true,
            "metadata": {
                "id": 19,
                "description": "Disposition Source 1",
                "position": 19,
                "size": 1
            }
        },
        {
            "name": "dispos_ar_typ_1",
            "type": "STRING",
            "nullable": true,
            "metadata": {
                "id": 20,
                "description": "Disposition AR Type 1",
                "position": 20,
                "size": 3
            }
        },
        {
            "name": "dispos_owner_pln_1",
            "type": "STRING",
            "nullable": true,
            "metadata": {
                "id": 21,
                "description": "Disposition Owner Plan 1",
                "position": 21,
                "size": 6
            }
        },
        {
            "name": "dispos_grp_superset_cd_1",
            "type": "STRING",
            "nullable": true,
            "metadata": {
                "id": 22,
                "description": "Disposition Group Superset Code 1",
                "position": 22,
                "size": 6
            }
        },
        {
            "name": "dispos_grp_groupset_cd_1",
            "type": "STRING",
            "nullable": true,
            "metadata": {
                "id": 23,
                "description": "Disposition Group Groupset Code 1",
                "position": 23,
                "size": 6
            }
        },
        {
            "name": "dispos_grp_svc_pln_cd_1",
            "type": "STRING",
            "nullable": true,
            "metadata": {
                "id": 24,
                "description": "Disposition Group Service Plan Code 1",
                "position": 24,
                "size": 6
            }
        },
        {
            "name": "dispos_grp_fund_pln_cd_1",
            "type": "STRING",
            "nullable": true,
            "metadata": {
                "id": 25,
                "description": "Disposition Group Fund Plan Code 1",
                "position": 25,
                "size": 4
            }
        },
        {
            "name": "dispos_actn_cd_1",
            "type": "STRING",
            "nullable": true,
            "metadata": {
                "id": 26,
                "description": "Disposition Action Code 1",
                "position": 26,
                "size": 3
            }
        },
        {
            "name": "pay_adj_cd_2",
            "type": "STRING",
            "nullable": true,
            "metadata": {
                "id": 27,
                "description": "Pay Adjustment Code 2",
                "position": 27,
                "size": 3
            }
        },
        {
            "name": "dispos_amt_2",
            "type": "DOUBLE",
            "nullable": true,
            "metadata": {
                "id": 28,
                "description": "Disposition Amount 2",
                "position": 28,
                "size": 11
            }
        },
        {
            "name": "dispos_dt_2",
            "type": "STRING",
            "nullable": true,
            "metadata": {
                "id": 29,
                "description": "Disposition Date 2",
                "position": 29,
                "size": 8
            }
        },
        {
            "name": "dispos_clerk_num_2",
            "type": "STRING",
            "nullable": true,
            "metadata": {
                "id": 30,
                "description": "Disposition Clerk Number 2",
                "position": 30,
                "size": 4
            }
        },
        {
            "name": "cr_cntrl_num_2",
            "type": "STRING",
            "nullable": true,
            "metadata": {
                "id": 31,
                "description": "CR Control Number 2",
                "position": 31,
                "size": 10
            }
        },
        {
            "name": "dispos_actn_pln_2",
            "type": "STRING",
            "nullable": true,
            "metadata": {
                "id": 32,
                "description": "Dispostion Action Plan 2",
                "position": 32,
                "size": 3
            }
        },
        {
            "name": "dispos_clm_num_2",
            "type": "STRING",
            "nullable": true,
            "metadata": {
                "id": 33,
                "description": "Dispostion Claim Number 2",
                "position": 33,
                "size": 16
            }
        },
        {
            "name": "dispos_sub_pln_2",
            "type": "STRING",
            "nullable": true,
            "metadata": {
                "id": 34,
                "description": "Disposition Subscriber Plan 2",
                "position": 34,
                "size": 3
            }
        },
        {
            "name": "dispos_mem_num_2",
            "type": "STRING",
            "nullable": true,
            "metadata": {
                "id": 35,
                "description": "Disposition Member Number 2",
                "position": 35,
                "size": 14
            }
        },
        {
            "name": "dispos_rsn_cd_2",
            "type": "STRING",
            "nullable": true,
            "metadata": {
                "id": 36,
                "description": "Disposition Reason Code 2",
                "position": 36,
                "size": 3
            }
        },
        {
            "name": "dispos_1099_cd_2",
            "type": "STRING",
            "nullable": true,
            "metadata": {
                "id": 37,
                "description": "Disposition 1099 Code 2",
                "position": 37,
                "size": 1
            }
        },
        {
            "name": "dispos_je_cd_2",
            "type": "STRING",
            "nullable": true,
            "metadata": {
                "id": 38,
                "description": "Disposition JE Code 2",
                "position": 38,
                "size": 1
            }
        },
        {
            "name": "dispos_je_dt_2",
            "type": "STRING",
            "nullable": true,
            "metadata": {
                "id": 39,
                "description": "Disposition JE Date 2",
                "position": 39,
                "size": 8
            }
        },
        {
            "name": "dispos_src_2",
            "type": "STRING",
            "nullable": true,
            "metadata": {
                "id": 40,
                "description": "Disposition Source 2",
                "position": 40,
                "size": 1
            }
        },
        {
            "name": "dispos_ar_typ_2",
            "type": "STRING",
            "nullable": true,
            "metadata": {
                "id": 41,
                "description": "Disposition AR Type 2",
                "position": 41,
                "size": 3
            }
        },
        {
            "name": "dispos_owner_pln_2",
            "type": "STRING",
            "nullable": true,
            "metadata": {
                "id": 42,
                "description": "Disposition Owner Plan 2",
                "position": 42,
                "size": 6
            }
        },
        {
            "name": "dispos_grp_superset_cd_2",
            "type": "STRING",
            "nullable": true,
            "metadata": {
                "id": 43,
                "description": "Disposition Group Superset Code 2",
                "position": 43,
                "size": 6
            }
        },
        {
            "name": "dispos_grp_groupset_cd_2",
            "type": "STRING",
            "nullable": true,
            "metadata": {
                "id": 44,
                "description": "Disposition Group Groupset Code 2",
                "position": 44,
                "size": 6
            }
        },
        {
            "name": "dispos_grp_svc_pln_cd_2",
            "type": "STRING",
            "nullable": true,
            "metadata": {
                "id": 45,
                "description": "Disposition Group Service Plan Code 2",
                "position": 45,
                "size": 6
            }
        },
        {
            "name": "dispos_grp_fund_pln_cd_2",
            "type": "STRING",
            "nullable": true,
            "metadata": {
                "id": 46,
                "description": "Disposition Group Fund Plan Code 2",
                "position": 46,
                "size": 4
            }
        },
        {
            "name": "dispos_actn_cd_2",
            "type": "STRING",
            "nullable": true,
            "metadata": {
                "id": 47,
                "description": "Disposition Action Code 2",
                "position": 47,
                "size": 3
            }
        },
        {
            "name": "pay_adj_cd_3",
            "type": "STRING",
            "nullable": true,
            "metadata": {
                "id": 48,
                "description": "Pay Adjustment Code 3",
                "position": 48,
                "size": 3
            }
        },
        {
            "name": "dispos_amt_3",
            "type": "DOUBLE",
            "nullable": true,
            "metadata": {
                "id": 49,
                "description": "Disposition Amount 3",
                "position": 49,
                "size": 11
            }
        },
        {
            "name": "dispos_dt_3",
            "type": "STRING",
            "nullable": true,
            "metadata": {
                "id": 50,
                "description": "Disposition Date 3",
                "position": 50,
                "size": 8
            }
        },
        {
            "name": "dispos_clerk_num_3",
            "type": "STRING",
            "nullable": true,
            "metadata": {
                "id": 51,
                "description": "Disposition Clerk Number 3",
                "position": 51,
                "size": 4
            }
        },
        {
            "name": "cr_cntrl_num_3",
            "type": "STRING",
            "nullable": true,
            "metadata": {
                "id": 52,
                "description": "CR Control Number 3",
                "position": 52,
                "size": 10
            }
        },
        {
            "name": "dispos_actn_pln_3",
            "type": "STRING",
            "nullable": true,
            "metadata": {
                "id": 53,
                "description": "Dispostion Action Plan 3",
                "position": 53,
                "size": 3
            }
        },
        {
            "name": "dispos_clm_num_3",
            "type": "STRING",
            "nullable": true,
            "metadata": {
                "id": 54,
                "description": "Dispostion Claim Number 3",
                "position": 54,
                "size": 16
            }
        },
        {
            "name": "dispos_sub_pln_3",
            "type": "STRING",
            "nullable": true,
            "metadata": {
                "id": 55,
                "description": "Disposition Subscriber Plan 3",
                "position": 55,
                "size": 3
            }
        },
        {
            "name": "dispos_mem_num_3",
            "type": "STRING",
            "nullable": true,
            "metadata": {
                "id": 56,
                "description": "Disposition Member Number 3",
                "position": 56,
                "size": 14
            }
        },
        {
            "name": "dispos_rsn_cd_3",
            "type": "STRING",
            "nullable": true,
            "metadata": {
                "id": 57,
                "description": "Disposition Reason Code 3",
                "position": 57,
                "size": 3
            }
        },
        {
            "name": "dispos_1099_cd_3",
            "type": "STRING",
            "nullable": true,
            "metadata": {
                "id": 58,
                "description": "Disposition 1099 Code 3",
                "position": 58,
                "size": 1
            }
        },
        {
            "name": "dispos_je_cd_3",
            "type": "STRING",
            "nullable": true,
            "metadata": {
                "id": 59,
                "description": "Disposition JE Code 3",
                "position": 59,
                "size": 1
            }
        },
        {
            "name": "dispos_je_dt_3",
            "type": "STRING",
            "nullable": true,
            "metadata": {
                "id": 60,
                "description": "Disposition JE Date 3",
                "position": 60,
                "size": 8
            }
        },
        {
            "name": "dispos_src_3",
            "type": "STRING",
            "nullable": true,
            "metadata": {
                "id": 61,
                "description": "Disposition Source 3",
                "position": 61,
                "size": 1
            }
        },
        {
            "name": "dispos_ar_typ_3",
            "type": "STRING",
            "nullable": true,
            "metadata": {
                "id": 62,
                "description": "Disposition AR Type 3",
                "position": 62,
                "size": 3
            }
        },
        {
            "name": "dispos_owner_pln_3",
            "type": "STRING",
            "nullable": true,
            "metadata": {
                "id": 63,
                "description": "Disposition Owner Plan 3",
                "position": 63,
                "size": 6
            }
        },
        {
            "name": "dispos_grp_superset_cd_3",
            "type": "STRING",
            "nullable": true,
            "metadata": {
                "id": 64,
                "description": "Disposition Group Superset Code 3",
                "position": 64,
                "size": 6
            }
        },
        {
            "name": "dispos_grp_groupset_cd_3",
            "type": "STRING",
            "nullable": true,
            "metadata": {
                "id": 65,
                "description": "Disposition Group Groupset Code 3",
                "position": 65,
                "size": 6
            }
        },
        {
            "name": "dispos_grp_svc_pln_cd_3",
            "type": "STRING",
            "nullable": true,
            "metadata": {
                "id": 66,
                "description": "Disposition Group Service Plan Code 3",
                "position": 66,
                "size": 6
            }
        },
        {
            "name": "dispos_grp_fund_pln_cd_3",
            "type": "STRING",
            "nullable": true,
            "metadata": {
                "id": 67,
                "description": "Disposition Group Fund Plan Code 3",
                "position": 67,
                "size": 4
            }
        },
        {
            "name": "dispos_actn_cd_3",
            "type": "STRING",
            "nullable": true,
            "metadata": {
                "id": 68,
                "description": "Disposition Action Code 3",
                "position": 68,
                "size": 3
            }
        },
        {
            "name": "pay_adj_cd_4",
            "type": "STRING",
            "nullable": true,
            "metadata": {
                "id": 69,
                "description": "Pay Adjustment Code 4",
                "position": 69,
                "size": 3
            }
        },
        {
            "name": "dispos_amt_4",
            "type": "DOUBLE",
            "nullable": true,
            "metadata": {
                "id": 70,
                "description": "Disposition Amount 4",
                "position": 70,
                "size": 11
            }
        },
        {
            "name": "dispos_dt_4",
            "type": "STRING",
            "nullable": true,
            "metadata": {
                "id": 71,
                "description": "Disposition Date 4",
                "position": 71,
                "size": 8
            }
        },
        {
            "name": "dispos_clerk_num_4",
            "type": "STRING",
            "nullable": true,
            "metadata": {
                "id": 72,
                "description": "Disposition Clerk Number 4",
                "position": 72,
                "size": 4
            }
        },
        {
            "name": "cr_cntrl_num_4",
            "type": "STRING",
            "nullable": true,
            "metadata": {
                "id": 73,
                "description": "CR Control Number 4",
                "position": 73,
                "size": 10
            }
        },
        {
            "name": "dispos_actn_pln_4",
            "type": "STRING",
            "nullable": true,
            "metadata": {
                "id": 74,
                "description": "Dispostion Action Plan 4",
                "position": 74,
                "size": 3
            }
        },
        {
            "name": "dispos_clm_num_4",
            "type": "STRING",
            "nullable": true,
            "metadata": {
                "id": 75,
                "description": "Dispostion Claim Number 4",
                "position": 75,
                "size": 16
            }
        },
        {
            "name": "dispos_sub_pln_4",
            "type": "STRING",
            "nullable": true,
            "metadata": {
                "id": 76,
                "description": "Disposition Subscriber Plan 4",
                "position": 76,
                "size": 3
            }
        },
        {
            "name": "dispos_mem_num_4",
            "type": "STRING",
            "nullable": true,
            "metadata": {
                "id": 77,
                "description": "Disposition Member Number 4",
                "position": 77,
                "size": 14
            }
        },
        {
            "name": "dispos_rsn_cd_4",
            "type": "STRING",
            "nullable": true,
            "metadata": {
                "id": 78,
                "description": "Disposition Reason Code 4",
                "position": 78,
                "size": 3
            }
        },
        {
            "name": "dispos_1099_cd_4",
            "type": "STRING",
            "nullable": true,
            "metadata": {
                "id": 79,
                "description": "Disposition 1099 Code 4",
                "position": 79,
                "size": 1
            }
        },
        {
            "name": "dispos_je_cd_4",
            "type": "STRING",
            "nullable": true,
            "metadata": {
                "id": 80,
                "description": "Disposition JE Code 4",
                "position": 80,
                "size": 1
            }
        },
        {
            "name": "dispos_je_dt_4",
            "type": "STRING",
            "nullable": true,
            "metadata": {
                "id": 81,
                "description": "Disposition JE Date 4",
                "position": 81,
                "size": 8
            }
        },
        {
            "name": "dispos_src_4",
            "type": "STRING",
            "nullable": true,
            "metadata": {
                "id": 82,
                "description": "Disposition Source 4",
                "position": 82,
                "size": 1
            }
        },
        {
            "name": "dispos_ar_typ_4",
            "type": "STRING",
            "nullable": true,
            "metadata": {
                "id": 83,
                "description": "Disposition AR Type 4",
                "position": 83,
                "size": 3
            }
        },
        {
            "name": "dispos_owner_pln_4",
            "type": "STRING",
            "nullable": true,
            "metadata": {
                "id": 84,
                "description": "Disposition Owner Plan 4",
                "position": 84,
                "size": 6
            }
        },
        {
            "name": "dispos_grp_superset_cd_4",
            "type": "STRING",
            "nullable": true,
            "metadata": {
                "id": 85,
                "description": "Disposition Group Superset Code 4",
                "position": 85,
                "size": 6
            }
        },
        {
            "name": "dispos_grp_groupset_cd_4",
            "type": "STRING",
            "nullable": true,
            "metadata": {
                "id": 86,
                "description": "Disposition Group Groupset Code 4",
                "position": 86,
                "size": 6
            }
        },
        {
            "name": "dispos_grp_svc_pln_cd_4",
            "type": "STRING",
            "nullable": true,
            "metadata": {
                "id": 87,
                "description": "Disposition Group Service Plan Code 4",
                "position": 87,
                "size": 6
            }
        },
        {
            "name": "dispos_grp_fund_pln_cd_4",
            "type": "STRING",
            "nullable": true,
            "metadata": {
                "id": 88,
                "description": "Disposition Group Fund Plan Code 4",
                "position": 88,
                "size": 4
            }
        },
        {
            "name": "dispos_actn_cd_4",
            "type": "STRING",
            "nullable": true,
            "metadata": {
                "id": 89,
                "description": "Disposition Action Code 4",
                "position": 89,
                "size": 3
            }
        },
        {
            "name": "rcrd_cmplt_cd",
            "type": "STRING",
            "nullable": true,
            "metadata": {
                "id": 90,
                "description": "Record Completion Code",
                "position": 90,
                "size": 1
            }
        },
        {
            "name": "hist_cmplt_cd",
            "type": "STRING",
            "nullable": true,
            "metadata": {
                "id": 91,
                "description": "History Completion Code",
                "position": 91,
                "size": 1
            }
        },
        {
            "name": "dispos_dt_1_trsform",
            "type": "TIMESTAMP",
            "nullable": false,
            "metadata": {
                "id": 92,
                "description": "",
                "position": 92,
                "size": 10
            }
        },
        {
            "name": "dispos_je_dt_1_trsform",
            "type": "TIMESTAMP",
            "nullable": false,
            "metadata": {
                "id": 93,
                "description": "",
                "position": 93,
                "size": 10
            }
        },
        {
            "name": "dispos_dt_2_trsform",
            "type": "TIMESTAMP",
            "nullable": false,
            "metadata": {
                "id": 94,
                "description": "",
                "position": 94,
                "size": 10
            }
        },
        {
            "name": "dispos_je_dt_2_trsform",
            "type": "TIMESTAMP",
            "nullable": false,
            "metadata": {
                "id": 95,
                "description": "",
                "position": 95,
                "size": 10
            }
        },
        {
            "name": "dispos_dt_3_trsform",
            "type": "TIMESTAMP",
            "nullable": false,
            "metadata": {
                "id": 96,
                "description": "",
                "position": 96,
                "size": 10
            }
        },
        {
            "name": "dispos_je_dt_3_trsform",
            "type": "TIMESTAMP",
            "nullable": false,
            "metadata": {
                "id": 97,
                "description": "",
                "position": 97,
                "size": 10
            }
        },
        {
            "name": "dispos_dt_4_trsform",
            "type": "TIMESTAMP",
            "nullable": false,
            "metadata": {
                "id": 98,
                "description": "",
                "position": 98,
                "size": 10
            }
        },
        {
            "name": "dispos_je_dt_4_trsform",
            "type": "TIMESTAMP",
            "nullable": false,
            "metadata": {
                "id": 99,
                "description": "",
                "position": 99,
                "size": 10
            }
        },
        {
            "name": "file_nm",
            "type": "STRING",
            "nullable": false,
            "metadata": {
                "id": 100,
                "description": "Data Source File Name",
                "position": 100,
                "size": 50
            }
        },
        {
            "name": "load_timestamp",
            "type": "TIMESTAMP",
            "nullable": false,
            "metadata": {
                "id": 101,
                "description": "Load Timestamp",
                "position": 101,
                "size": 0
            }
        },
        {
            "name": "feed_cycle",
            "type": "STRING",
            "nullable": false,
            "metadata": {
                "id": 102,
                "description": "Daily Cycle Extracted from File Name",
                "position": 102,
                "size": 8
            }
        },
        {
            "name": "feed_dt",
            "type": "STRING",
            "nullable": false,
            "metadata": {
                "id": 103,
                "description": "Date Extracted from File Name",
                "position": 103,
                "size": 8
            }
        }
    ]
}
