{
    "name": "claim_sas_nasco_weekly_cash_trailer",
    "business_domain": "sas",
    "source_system_code": "nsc",
    "description": "This is Cash Trailer Record Extract from Nasco. This is received Weekly",
    "file_format": "DELIMITED",
    "delimiter": "|",
    "file_naming_format": "(DEV|TEST|STG|PROD)_NASCO_WEEKLY_CASH_TRAILER_d{8}.txt",
    "partition_keys": ["feed_cycle","feed_dt"],
    "ingest_type": "FILE",
    "multi_record_type_indicator": "",
    "multi_record_type_indicator_pos": "",
    "raw_schema": [
        {
            "name": "control_plan_number",
            "type": "STRING",
            "nullable": true,
            "metadata": {
                "id": 1,
                "description": "Control Plan Number",
                "position": 1,
                "size": 3
            }
        },
        {
            "name": "customer_number",
            "type": "STRING",
            "nullable": true,
            "metadata": {
                "id": 2,
                "description": "Customer Number or Owner Plan Number",
                "position": 2,
                "size": 3
            }
        },
        {
            "name": "file_code",
            "type": "STRING",
            "nullable": true,
            "metadata": {
                "id": 3,
                "description": "File Code",
                "position": 3,
                "size": 2
            }
        },
        {
            "name": "record_code",
            "type": "STRING",
            "nullable": true,
            "metadata": {
                "id": 4,
                "description": "Record Code",
                "position": 4,
                "size": 3
            }
        },
        {
            "name": "record_count",
            "type": "LONG",
            "nullable": true,
            "metadata": {
                "id": 5,
                "description": "Record Count",
                "position": 5,
                "size": 10
            }
        },
        {
            "name": "control_number_count",
            "type": "LONG",
            "nullable": true,
            "metadata": {
                "id": 6,
                "description": "Control Number Count",
                "position": 6,
                "size": 10
            }
        },
        {
            "name": "total_original_amount",
            "type": "DOUBLE",
            "nullable": true,
            "metadata": {
                "id": 7,
                "description": "Total Original Amount",
                "position": 7,
                "size": 13
            }
        },
        {
            "name": "total_disposition_amount",
            "type": "DOUBLE",
            "nullable": true,
            "metadata": {
                "id": 8,
                "description": "Total Disposition Amount",
                "position": 8,
                "size": 13
            }
        }
    ],
    "curate_schema": [
        {
            "name": "cntrl_pln_num",
            "type": "STRING",
            "nullable": true,
            "metadata": {
                "id": 1,
                "description": "Control Plan Number",
                "position": 1,
                "size": 3
            }
        },
        {
            "name": "cust_num",
            "type": "STRING",
            "nullable": true,
            "metadata": {
                "id": 2,
                "description": "Customer Number or Owner Plan Number",
                "position": 2,
                "size": 3
            }
        },
        {
            "name": "file_cd",
            "type": "STRING",
            "nullable": true,
            "metadata": {
                "id": 3,
                "description": "File Code",
                "position": 3,
                "size": 2
            }
        },
        {
            "name": "rcrd_cd",
            "type": "STRING",
            "nullable": true,
            "metadata": {
                "id": 4,
                "description": "Record Code",
                "position": 4,
                "size": 3
            }
        },
        {
            "name": "rcrd_count",
            "type": "LONG",
            "nullable": true,
            "metadata": {
                "id": 5,
                "description": "Record Count",
                "position": 5,
                "size": 10
            }
        },
        {
            "name": "cntrl_num_count",
            "type": "LONG",
            "nullable": true,
            "metadata": {
                "id": 6,
                "description": "Control Number Count",
                "position": 6,
                "size": 10
            }
        },
        {
            "name": "tot_orig_amt",
            "type": "DOUBLE",
            "nullable": true,
            "metadata": {
                "id": 7,
                "description": "Total Original Amount",
                "position": 7,
                "size": 13
            }
        },
        {
            "name": "tot_dispos_amt",
            "type": "DOUBLE",
            "nullable": true,
            "metadata": {
                "id": 8,
                "description": "Total Disposition Amount",
                "position": 8,
                "size": 13
            }
        },
        {
            "name": "file_nm",
            "type": "STRING",
            "nullable": false,
            "metadata": {
                "id": 9,
                "description": "Data Source File Name",
                "position": 9,
                "size": 50
            }
        },
        {
            "name": "load_timestamp",
            "type": "TIMESTAMP",
            "nullable": false,
            "metadata": {
                "id": 10,
                "description": "Load Timestamp",
                "position": 10,
                "size": 0
            }
        },
        {
            "name": "feed_cycle",
            "type": "STRING",
            "nullable": false,
            "metadata": {
                "id": 11,
                "description": "Weekly Cycle Extracted from File Name",
                "position": 11,
                "size": 8
            }
        },
        {
            "name": "feed_dt",
            "type": "STRING",
            "nullable": false,
            "metadata": {
                "id": 12,
                "description": "Date Extracted from File Name",
                "position": 12,
                "size": 8
            }
        }
    ]
}
