{
    "name": "claim_sas_nasco_weekly_bank_check_seg",
    "business_domain": "sas",
    "source_system_code": "nsc",
    "description": "This is Bank Check Segment Record Extract from Nasco. This is received Weekly",
    "file_format": "DELIMITED",
    "delimiter": "|",
    "file_naming_format": "(DEV|TEST|STG|PROD)_NASCO_WEEKLY_BANK_CHECK_SEG_d{8}.txt",
    "partition_keys": [
        "feed_cycle",
        "feed_dt"
    ],
    "ingest_type": "FILE",
    "multi_record_type_indicator": "",
    "multi_record_type_indicator_pos": "",
    "raw_schema": [
        {
            "name": "control_plan_number",
            "type": "STRING",
            "nullable": true,
            "metadata": {
                "id": 1,
                "description": "Control Plan Number",
                "position": 1,
                "size": 3
            }
        },
        {
            "name": "customer_plan_number",
            "type": "STRING",
            "nullable": true,
            "metadata": {
                "id": 2,
                "description": "Customer Plan Number",
                "position": 2,
                "size": 3
            }
        },
        {
            "name": "check_account_id",
            "type": "STRING",
            "nullable": true,
            "metadata": {
                "id": 3,
                "description": "Check Account ID",
                "position": 3,
                "size": 4
            }
        },
        {
            "name": "micr_number",
            "type": "STRING",
            "nullable": true,
            "metadata": {
                "id": 4,
                "description": "MICR Number",
                "position": 4,
                "size": 10
            }
        },
        {
            "name": "int_check_number",
            "type": "STRING",
            "nullable": true,
            "metadata": {
                "id": 5,
                "description": "INT Check Number",
                "position": 5,
                "size": 10
            }
        },
        {
            "name": "issue_date",
            "type": "STRING",
            "nullable": true,
            "metadata": {
                "id": 6,
                "description": "Issue Date",
                "position": 6,
                "size": 6
            }
        },
        {
            "name": "check_status",
            "type": "STRING",
            "nullable": true,
            "metadata": {
                "id": 7,
                "description": "Check Status",
                "position": 7,
                "size": 2
            }
        },
        {
            "name": "status_date",
            "type": "STRING",
            "nullable": true,
            "metadata": {
                "id": 8,
                "description": "Status Date",
                "position": 8,
                "size": 6
            }
        },
        {
            "name": "je_date",
            "type": "STRING",
            "nullable": true,
            "metadata": {
                "id": 9,
                "description": "JE Date",
                "position": 9,
                "size": 6
            }
        },
        {
            "name": "total_amount",
            "type": "DOUBLE",
            "nullable": true,
            "metadata": {
                "id": 10,
                "description": "Total Amount",
                "position": 10,
                "size": 11
            }
        },
        {
            "name": "claim_amount",
            "type": "DOUBLE",
            "nullable": true,
            "metadata": {
                "id": 11,
                "description": "Claim Amount",
                "position": 11,
                "size": 11
            }
        },
        {
            "name": "total_int",
            "type": "DOUBLE",
            "nullable": true,
            "metadata": {
                "id": 12,
                "description": "Total INT",
                "position": 12,
                "size": 11
            }
        },
        {
            "name": "group_superset_code",
            "type": "STRING",
            "nullable": true,
            "metadata": {
                "id": 13,
                "description": "Group Superset Code",
                "position": 13,
                "size": 6
            }
        },
        {
            "name": "group_groupset_code",
            "type": "STRING",
            "nullable": true,
            "metadata": {
                "id": 14,
                "description": "Group Groupset Code",
                "position": 14,
                "size": 6
            }
        },
        {
            "name": "group_service_plan_code",
            "type": "STRING",
            "nullable": true,
            "metadata": {
                "id": 15,
                "description": "Group Service Plan Code",
                "position": 15,
                "size": 6
            }
        },
        {
            "name": "group_fund_plan_code",
            "type": "STRING",
            "nullable": true,
            "metadata": {
                "id": 16,
                "description": "Group Fund Plan Code",
                "position": 16,
                "size": 4
            }
        },
        {
            "name": "subscriber_plan_number",
            "type": "STRING",
            "nullable": true,
            "metadata": {
                "id": 17,
                "description": "Subscriber Plan Number",
                "position": 17,
                "size": 3
            }
        },
        {
            "name": "member_number",
            "type": "STRING",
            "nullable": true,
            "metadata": {
                "id": 18,
                "description": "Member Number",
                "position": 18,
                "size": 13
            }
        },
        {
            "name": "provider_plan_code",
            "type": "STRING",
            "nullable": true,
            "metadata": {
                "id": 19,
                "description": "Provider Plan Code",
                "position": 19,
                "size": 4
            }
        },
        {
            "name": "provider_lob",
            "type": "STRING",
            "nullable": true,
            "metadata": {
                "id": 20,
                "description": "Provider LOB",
                "position": 20,
                "size": 1
            }
        },
        {
            "name": "provider_number",
            "type": "STRING",
            "nullable": true,
            "metadata": {
                "id": 21,
                "description": "Provider Number",
                "position": 21,
                "size": 10
            }
        },
        {
            "name": "je_code",
            "type": "STRING",
            "nullable": true,
            "metadata": {
                "id": 22,
                "description": "JE Code",
                "position": 22,
                "size": 1
            }
        },
        {
            "name": "claim_1099_indicator",
            "type": "STRING",
            "nullable": true,
            "metadata": {
                "id": 23,
                "description": "claim_1099_indicator",
                "position": 23,
                "size": 1
            }
        },
        {
            "name": "payee_check_type",
            "type": "STRING",
            "nullable": true,
            "metadata": {
                "id": 24,
                "description": "Payee Check Type",
                "position": 24,
                "size": 1
            }
        },
        {
            "name": "pay_assign_code",
            "type": "STRING",
            "nullable": true,
            "metadata": {
                "id": 25,
                "description": "Pay Assign Code",
                "position": 25,
                "size": 1
            }
        },
        {
            "name": "hmo_indicator",
            "type": "STRING",
            "nullable": true,
            "metadata": {
                "id": 26,
                "description": "HMO Indicator",
                "position": 26,
                "size": 1
            }
        },
        {
            "name": "backup_withhold_percent",
            "type": "DOUBLE",
            "nullable": true,
            "metadata": {
                "id": 27,
                "description": "Backup Withhold Percent",
                "position": 27,
                "size": 6
            }
        },
        {
            "name": "trigger_flag",
            "type": "STRING",
            "nullable": true,
            "metadata": {
                "id": 28,
                "description": "Trigger Flag",
                "position": 28,
                "size": 2
            }
        },
        {
            "name": "customer_name",
            "type": "STRING",
            "nullable": true,
            "metadata": {
                "id": 29,
                "description": "Customer Name",
                "position": 29,
                "size": 20
            }
        },
        {
            "name": "provider_npi",
            "type": "STRING",
            "nullable": true,
            "metadata": {
                "id": 30,
                "description": "Provider NPI",
                "position": 30,
                "size": 10
            }
        },
        {
            "name": "report_183_sw",
            "type": "STRING",
            "nullable": true,
            "metadata": {
                "id": 31,
                "description": "Report 183 SW",
                "position": 31,
                "size": 1
            }
        },
        {
            "name": "report_183_date",
            "type": "STRING",
            "nullable": true,
            "metadata": {
                "id": 32,
                "description": "Report 183 Date",
                "position": 32,
                "size": 6
            }
        },
        {
            "name": "report_hold_check_status",
            "type": "STRING",
            "nullable": true,
            "metadata": {
                "id": 33,
                "description": "Report Hold Check Status",
                "position": 33,
                "size": 2
            }
        },
        {
            "name": "report_hold_check_date",
            "type": "STRING",
            "nullable": true,
            "metadata": {
                "id": 34,
                "description": "Report Hold Check Date",
                "position": 34,
                "size": 6
            }
        },
        {
            "name": "gl_status_reported",
            "type": "STRING",
            "nullable": true,
            "metadata": {
                "id": 35,
                "description": "GL Status Reported",
                "position": 35,
                "size": 2
            }
        },
        {
            "name": "number_of_segment",
            "type": "INTEGER",
            "nullable": true,
            "metadata": {
                "id": 36,
                "description": "Number of Segment",
                "position": 36,
                "size": 6
            }
        }
    ],
    "curate_schema": [
        {
            "name": "cntrl_pln_num",
            "type": "STRING",
            "nullable": true,
            "metadata": {
                "id": 1,
                "description": "Control Plan Number",
                "position": 1,
                "size": 3
            }
        },
        {
            "name": "cust_pln_num",
            "type": "STRING",
            "nullable": true,
            "metadata": {
                "id": 2,
                "description": "Customer Plan Number",
                "position": 2,
                "size": 3
            }
        },
        {
            "name": "chk_acct_id",
            "type": "STRING",
            "nullable": true,
            "metadata": {
                "id": 3,
                "description": "Check Account ID",
                "position": 3,
                "size": 4
            }
        },
        {
            "name": "micr_num",
            "type": "STRING",
            "nullable": true,
            "metadata": {
                "id": 4,
                "description": "MICR Number",
                "position": 4,
                "size": 10
            }
        },
        {
            "name": "int_chk_num",
            "type": "STRING",
            "nullable": true,
            "metadata": {
                "id": 5,
                "description": "INT Check Number",
                "position": 5,
                "size": 10
            }
        },
        {
            "name": "issue_dt",
            "type": "STRING",
            "nullable": true,
            "metadata": {
                "id": 6,
                "description": "Issue Date",
                "position": 6,
                "size": 7
            }
        },
        {
            "name": "chk_stat",
            "type": "STRING",
            "nullable": true,
            "metadata": {
                "id": 7,
                "description": "Check Status",
                "position": 7,
                "size": 2
            }
        },
        {
            "name": "stat_dt",
            "type": "STRING",
            "nullable": true,
            "metadata": {
                "id": 8,
                "description": "Status Date",
                "position": 8,
                "size": 7
            }
        },
        {
            "name": "je_dt",
            "type": "STRING",
            "nullable": true,
            "metadata": {
                "id": 9,
                "description": "JE Date",
                "position": 9,
                "size": 7
            }
        },
        {
            "name": "tot_amt",
            "type": "DOUBLE",
            "nullable": true,
            "metadata": {
                "id": 10,
                "description": "Total Amount",
                "position": 10,
                "size": 11
            }
        },
        {
            "name": "clm_amt",
            "type": "DOUBLE",
            "nullable": true,
            "metadata": {
                "id": 11,
                "description": "Claim Amount",
                "position": 11,
                "size": 11
            }
        },
        {
            "name": "tot_int",
            "type": "DOUBLE",
            "nullable": true,
            "metadata": {
                "id": 12,
                "description": "Total INT",
                "position": 12,
                "size": 11
            }
        },
        {
            "name": "grp_superset_cd",
            "type": "STRING",
            "nullable": true,
            "metadata": {
                "id": 13,
                "description": "Group Superset Code",
                "position": 13,
                "size": 6
            }
        },
        {
            "name": "grp_groupset_cd",
            "type": "STRING",
            "nullable": true,
            "metadata": {
                "id": 14,
                "description": "Group Groupset Code",
                "position": 14,
                "size": 6
            }
        },
        {
            "name": "grp_svc_pln_cd",
            "type": "STRING",
            "nullable": true,
            "metadata": {
                "id": 15,
                "description": "Group Service Plan Code",
                "position": 15,
                "size": 6
            }
        },
        {
            "name": "grp_fund_pln_cd",
            "type": "STRING",
            "nullable": true,
            "metadata": {
                "id": 16,
                "description": "Group Fund Plan Code",
                "position": 16,
                "size": 4
            }
        },
        {
            "name": "sub_pln_num",
            "type": "STRING",
            "nullable": true,
            "metadata": {
                "id": 17,
                "description": "Subscriber Plan Number",
                "position": 17,
                "size": 3
            }
        },
        {
            "name": "mem_num",
            "type": "STRING",
            "nullable": true,
            "metadata": {
                "id": 18,
                "description": "Member Number",
                "position": 18,
                "size": 13
            }
        },
        {
            "name": "prov_pln_cd",
            "type": "STRING",
            "nullable": true,
            "metadata": {
                "id": 19,
                "description": "Provider Plan Code",
                "position": 19,
                "size": 4
            }
        },
        {
            "name": "prov_lob",
            "type": "STRING",
            "nullable": true,
            "metadata": {
                "id": 20,
                "description": "Provider LOB",
                "position": 20,
                "size": 1
            }
        },
        {
            "name": "prov_num",
            "type": "STRING",
            "nullable": true,
            "metadata": {
                "id": 21,
                "description": "Provider Number",
                "position": 21,
                "size": 10
            }
        },
        {
            "name": "je_cd",
            "type": "STRING",
            "nullable": true,
            "metadata": {
                "id": 22,
                "description": "JE Code",
                "position": 22,
                "size": 1
            }
        },
        {
            "name": "clm_1099_ind",
            "type": "STRING",
            "nullable": true,
            "metadata": {
                "id": 23,
                "description": "claim_1099_indicator",
                "position": 23,
                "size": 1
            }
        },
        {
            "name": "payee_chk_cd",
            "type": "STRING",
            "nullable": true,
            "metadata": {
                "id": 24,
                "description": "Payee Check Type",
                "position": 24,
                "size": 1
            }
        },
        {
            "name": "pay_assgn_cd",
            "type": "STRING",
            "nullable": true,
            "metadata": {
                "id": 25,
                "description": "Pay Assign Code",
                "position": 25,
                "size": 1
            }
        },
        {
            "name": "hmo_ind",
            "type": "STRING",
            "nullable": true,
            "metadata": {
                "id": 26,
                "description": "HMO Indicator",
                "position": 26,
                "size": 1
            }
        },
        {
            "name": "bkup_whld_pct",
            "type": "DOUBLE",
            "nullable": true,
            "metadata": {
                "id": 27,
                "description": "Backup Withhold Percent",
                "position": 27,
                "size": 6
            }
        },
        {
            "name": "trgr_flag",
            "type": "STRING",
            "nullable": true,
            "metadata": {
                "id": 28,
                "description": "Trigger Flag",
                "position": 28,
                "size": 2
            }
        },
        {
            "name": "cust_nm",
            "type": "STRING",
            "nullable": true,
            "metadata": {
                "id": 29,
                "description": "Customer Name",
                "position": 29,
                "size": 20
            }
        },
        {
            "name": "prov_npi",
            "type": "STRING",
            "nullable": true,
            "metadata": {
                "id": 30,
                "description": "Provider NPI",
                "position": 30,
                "size": 10
            }
        },
        {
            "name": "rprt_183_sw",
            "type": "STRING",
            "nullable": true,
            "metadata": {
                "id": 31,
                "description": "Report 183 SW",
                "position": 31,
                "size": 1
            }
        },
        {
            "name": "rprt_183_dt",
            "type": "STRING",
            "nullable": true,
            "metadata": {
                "id": 32,
                "description": "Report 183 Date",
                "position": 32,
                "size": 7
            }
        },
        {
            "name": "rprt_hld_chk_stats",
            "type": "STRING",
            "nullable": true,
            "metadata": {
                "id": 33,
                "description": "Report Hold Check Status",
                "position": 33,
                "size": 2
            }
        },
        {
            "name": "rprt_hld_chk_dt",
            "type": "STRING",
            "nullable": true,
            "metadata": {
                "id": 34,
                "description": "Report Hold Check Date",
                "position": 34,
                "size": 7
            }
        },
        {
            "name": "gl_stat_rprt",
            "type": "STRING",
            "nullable": true,
            "metadata": {
                "id": 35,
                "description": "GL Status Reported",
                "position": 35,
                "size": 2
            }
        },
        {
            "name": "num_of_seg",
            "type": "INTEGER",
            "nullable": true,
            "metadata": {
                "id": 36,
                "description": "Number of Segment",
                "position": 36,
                "size": 6
            }
        },
        {
            "name": "issue_dt_trsform",
            "type": "TIMESTAMP",
            "nullable": false,
            "metadata": {
                "id": 37,
                "description": "",
                "position": 37,
                "size": 10
            }
        },
        {
            "name": "stat_dt_trsform",
            "type": "TIMESTAMP",
            "nullable": false,
            "metadata": {
                "id": 38,
                "description": "",
                "position": 38,
                "size": 10
            }
        },
        {
            "name": "je_dt_trsform",
            "type": "TIMESTAMP",
            "nullable": false,
            "metadata": {
                "id": 39,
                "description": "",
                "position": 39,
                "size": 10
            }
        },
        {
            "name": "rprt_183_dt_trsform",
            "type": "TIMESTAMP",
            "nullable": false,
            "metadata": {
                "id": 40,
                "description": "",
                "position": 40,
                "size": 10
            }
        },
        {
            "name": "rprt_hld_chk_dt_trsform",
            "type": "TIMESTAMP",
            "nullable": false,
            "metadata": {
                "id": 41,
                "description": "",
                "position": 41,
                "size": 10
            }
        },
        {
            "name": "file_nm",
            "type": "STRING",
            "nullable": false,
            "metadata": {
                "id": 42,
                "description": "Data Source File Name",
                "position": 42,
                "size": 50
            }
        },
        {
            "name": "load_timestamp",
            "type": "TIMESTAMP",
            "nullable": false,
            "metadata": {
                "id": 43,
                "description": "Load Timestamp",
                "position": 43,
                "size": 0
            }
        },
        {
            "name": "feed_cycle",
            "type": "STRING",
            "nullable": false,
            "metadata": {
                "id": 44,
                "description": "Weekly Cycle Extracted from File Name",
                "position": 44,
                "size": 8
            }
        },
        {
            "name": "feed_dt",
            "type": "STRING",
            "nullable": false,
            "metadata": {
                "id": 45,
                "description": "Date Extracted from File Name",
                "position": 45,
                "size": 8
            }
        }
    ]
}
