{
    "name": "claim_sas_nasco_monthly_cash_cr_dispos",
    "business_domain": "sas",
    "source_system_code": "nsc",
    "description": "This is Cash CR Disposition Record Extract from Nasco. This is received Monthly",
    "file_format": "DELIMITED",
    "delimiter": "|",
    "file_naming_format": "(DEV|TEST|STG|PROD)_NASCO_MONTHLY_CASH_CR_DISPOS_d{8}.txt",
    "partition_keys": ["feed_cycle","feed_dt"],
    "ingest_type": "FILE",
    "multi_record_type_indicator": "",
    "multi_record_type_indicator_pos": "",
    "raw_schema": [
        {
            "name": "control_plan_number",
            "type": "STRING",
            "nullable": true,
            "metadata": {
                "id": 1,
                "description": "Control Plan Number",
                "position": 1,
                "size": 3
            }
        },
        {
            "name": "customer_number",
            "type": "STRING",
            "nullable": true,
            "metadata": {
                "id": 2,
                "description": "Customer Number or Owner Plan Number",
                "position": 2,
                "size": 3
            }
        },
        {
            "name": "file_code",
            "type": "STRING",
            "nullable": true,
            "metadata": {
                "id": 3,
                "description": "File Code",
                "position": 3,
                "size": 2
            }
        },
        {
            "name": "control_number",
            "type": "STRING",
            "nullable": true,
            "metadata": {
                "id": 4,
                "description": "Control Number",
                "position": 4,
                "size": 10
            }
        },
        {
            "name": "finc_plan",
            "type": "STRING",
            "nullable": true,
            "metadata": {
                "id": 5,
                "description": "Finc Plan",
                "position": 5,
                "size": 3
            }
        },
        {
            "name": "record_code",
            "type": "STRING",
            "nullable": true,
            "metadata": {
                "id": 6,
                "description": "Record Code",
                "position": 6,
                "size": 3
            }
        },
        {
            "name": "disposition_code_1",
            "type": "STRING",
            "nullable": true,
            "metadata": {
                "id": 7,
                "description": "Disposition Code 1",
                "position": 7,
                "size": 3
            }
        },
        {
            "name": "disposition_date_1",
            "type": "STRING",
            "nullable": true,
            "metadata": {
                "id": 8,
                "description": "Disposition Date 1",
                "position": 8,
                "size": 8
            }
        },
        {
            "name": "disposition_amount_1",
            "type": "DOUBLE",
            "nullable": true,
            "metadata": {
                "id": 9,
                "description": "Disposition Amount 1",
                "position": 9,
                "size": 11
            }
        },
        {
            "name": "sequence_number_1",
            "type": "STRING",
            "nullable": true,
            "metadata": {
                "id": 10,
                "description": "Sequence Number 1",
                "position": 10,
                "size": 6
            }
        },
        {
            "name": "cdu_clk_1",
            "type": "STRING",
            "nullable": true,
            "metadata": {
                "id": 11,
                "description": "CDU Clerk Number 1",
                "position": 11,
                "size": 4
            }
        },
        {
            "name": "disposition_reason_code_1",
            "type": "STRING",
            "nullable": true,
            "metadata": {
                "id": 12,
                "description": "Disposition Reason Code 1",
                "position": 12,
                "size": 3
            }
        },
        {
            "name": "ar_control_number_1",
            "type": "STRING",
            "nullable": true,
            "metadata": {
                "id": 13,
                "description": "AR Control Number 1",
                "position": 13,
                "size": 10
            }
        },
        {
            "name": "disposition_action_plan_1",
            "type": "STRING",
            "nullable": true,
            "metadata": {
                "id": 14,
                "description": "Disposition Action Plan 1",
                "position": 14,
                "size": 3
            }
        },
        {
            "name": "disposition_claim_number_1",
            "type": "STRING",
            "nullable": true,
            "metadata": {
                "id": 15,
                "description": "Disposition Claim Number 1",
                "position": 15,
                "size": 16
            }
        },
        {
            "name": "ar_original_amount_1",
            "type": "DOUBLE",
            "nullable": true,
            "metadata": {
                "id": 16,
                "description": "AR Original Amount 1",
                "position": 16,
                "size": 11
            }
        },
        {
            "name": "disposition_je_code_1",
            "type": "STRING",
            "nullable": true,
            "metadata": {
                "id": 17,
                "description": "Disposition JE Code 1",
                "position": 17,
                "size": 1
            }
        },
        {
            "name": "disposition_je_date_1",
            "type": "STRING",
            "nullable": true,
            "metadata": {
                "id": 18,
                "description": "Disposition JE Date 1",
                "position": 18,
                "size": 8
            }
        },
        {
            "name": "disposition_source_1",
            "type": "STRING",
            "nullable": true,
            "metadata": {
                "id": 19,
                "description": "Disposition Source 1",
                "position": 19,
                "size": 1
            }
        },
        {
            "name": "disposition_subscriber_plan_1",
            "type": "STRING",
            "nullable": true,
            "metadata": {
                "id": 20,
                "description": "Disposition Subcriber Plan 1",
                "position": 20,
                "size": 3
            }
        },
        {
            "name": "disposition_bene_number_1",
            "type": "STRING",
            "nullable": true,
            "metadata": {
                "id": 21,
                "description": "Disposition BENE Number 1",
                "position": 21,
                "size": 14
            }
        },
        {
            "name": "disposition_first_time_sw_1",
            "type": "STRING",
            "nullable": true,
            "metadata": {
                "id": 22,
                "description": "Disposition First Time SW 1",
                "position": 22,
                "size": 1
            }
        },
        {
            "name": "disposition_owner_plan_1",
            "type": "STRING",
            "nullable": true,
            "metadata": {
                "id": 23,
                "description": "Disposition Owner Plan 1",
                "position": 23,
                "size": 6
            }
        },
        {
            "name": "disposition_group_superset_code_1",
            "type": "STRING",
            "nullable": true,
            "metadata": {
                "id": 24,
                "description": "Disposition Group Superset Code 1",
                "position": 24,
                "size": 6
            }
        },
        {
            "name": "disposition_group_groupset_code_1",
            "type": "STRING",
            "nullable": true,
            "metadata": {
                "id": 25,
                "description": "Disposition Group Groupset Code 1",
                "position": 25,
                "size": 6
            }
        },
        {
            "name": "disposition_group_service_plan_code_1",
            "type": "STRING",
            "nullable": true,
            "metadata": {
                "id": 26,
                "description": "Disposition Group Service Plan Code 1",
                "position": 26,
                "size": 6
            }
        },
        {
            "name": "disposition_group_fund_plan_code_1",
            "type": "STRING",
            "nullable": true,
            "metadata": {
                "id": 27,
                "description": "Disposition Group Fund Plan Code 1",
                "position": 27,
                "size": 4
            }
        },
        {
            "name": "disposition_action_code_1",
            "type": "STRING",
            "nullable": true,
            "metadata": {
                "id": 28,
                "description": "Disposition Action Code 1",
                "position": 28,
                "size": 3
            }
        },
        {
            "name": "disposition_code_2",
            "type": "STRING",
            "nullable": true,
            "metadata": {
                "id": 29,
                "description": "Disposition Code 2",
                "position": 29,
                "size": 3
            }
        },
        {
            "name": "disposition_date_2",
            "type": "STRING",
            "nullable": true,
            "metadata": {
                "id": 30,
                "description": "Disposition Date 2",
                "position": 30,
                "size": 8
            }
        },
        {
            "name": "disposition_amount_2",
            "type": "DOUBLE",
            "nullable": true,
            "metadata": {
                "id": 31,
                "description": "Disposition Amount 2",
                "position": 31,
                "size": 11
            }
        },
        {
            "name": "sequence_number_2",
            "type": "STRING",
            "nullable": true,
            "metadata": {
                "id": 32,
                "description": "Sequence Number 2",
                "position": 32,
                "size": 6
            }
        },
        {
            "name": "cdu_clk_2",
            "type": "STRING",
            "nullable": true,
            "metadata": {
                "id": 33,
                "description": "CDU Clerk Number 2",
                "position": 33,
                "size": 4
            }
        },
        {
            "name": "disposition_reason_code_2",
            "type": "STRING",
            "nullable": true,
            "metadata": {
                "id": 34,
                "description": "Disposition Reason Code 2",
                "position": 34,
                "size": 3
            }
        },
        {
            "name": "ar_control_number_2",
            "type": "STRING",
            "nullable": true,
            "metadata": {
                "id": 35,
                "description": "AR Control Number 2",
                "position": 35,
                "size": 10
            }
        },
        {
            "name": "disposition_action_plan_2",
            "type": "STRING",
            "nullable": true,
            "metadata": {
                "id": 36,
                "description": "Disposition Action Plan 2",
                "position": 36,
                "size": 3
            }
        },
        {
            "name": "disposition_claim_number_2",
            "type": "STRING",
            "nullable": true,
            "metadata": {
                "id": 37,
                "description": "Disposition Claim Number 2",
                "position": 37,
                "size": 16
            }
        },
        {
            "name": "ar_original_amount_2",
            "type": "DOUBLE",
            "nullable": true,
            "metadata": {
                "id": 38,
                "description": "AR Original Amount 2",
                "position": 38,
                "size": 11
            }
        },
        {
            "name": "disposition_je_code_2",
            "type": "STRING",
            "nullable": true,
            "metadata": {
                "id": 39,
                "description": "Disposition JE Code 2",
                "position": 39,
                "size": 1
            }
        },
        {
            "name": "disposition_je_date_2",
            "type": "STRING",
            "nullable": true,
            "metadata": {
                "id": 40,
                "description": "Disposition JE Date 2",
                "position": 40,
                "size": 8
            }
        },
        {
            "name": "disposition_source_2",
            "type": "STRING",
            "nullable": true,
            "metadata": {
                "id": 41,
                "description": "Disposition Source 2",
                "position": 41,
                "size": 1
            }
        },
        {
            "name": "disposition_subscriber_plan_2",
            "type": "STRING",
            "nullable": true,
            "metadata": {
                "id": 42,
                "description": "Disposition Subcriber Plan 2",
                "position": 42,
                "size": 3
            }
        },
        {
            "name": "disposition_bene_number_2",
            "type": "STRING",
            "nullable": true,
            "metadata": {
                "id": 43,
                "description": "Disposition BENE Number 2",
                "position": 43,
                "size": 14
            }
        },
        {
            "name": "disposition_first_time_sw_2",
            "type": "STRING",
            "nullable": true,
            "metadata": {
                "id": 44,
                "description": "Disposition First Time SW 2",
                "position": 44,
                "size": 1
            }
        },
        {
            "name": "disposition_owner_plan_2",
            "type": "STRING",
            "nullable": true,
            "metadata": {
                "id": 45,
                "description": "Disposition Owner Plan 2",
                "position": 45,
                "size": 6
            }
        },
        {
            "name": "disposition_group_superset_code_2",
            "type": "STRING",
            "nullable": true,
            "metadata": {
                "id": 46,
                "description": "Disposition Group Superset Code 2",
                "position": 46,
                "size": 6
            }
        },
        {
            "name": "disposition_group_groupset_code_2",
            "type": "STRING",
            "nullable": true,
            "metadata": {
                "id": 47,
                "description": "Disposition Group Groupset Code 2",
                "position": 47,
                "size": 6
            }
        },
        {
            "name": "disposition_group_service_plan_code_2",
            "type": "STRING",
            "nullable": true,
            "metadata": {
                "id": 48,
                "description": "Disposition Group Service Plan Code 2",
                "position": 48,
                "size": 6
            }
        },
        {
            "name": "disposition_group_fund_plan_code_2",
            "type": "STRING",
            "nullable": true,
            "metadata": {
                "id": 49,
                "description": "Disposition Group Fund Plan Code 2",
                "position": 49,
                "size": 4
            }
        },
        {
            "name": "disposition_action_code_2",
            "type": "STRING",
            "nullable": true,
            "metadata": {
                "id": 50,
                "description": "Disposition Action Code 2",
                "position": 50,
                "size": 3
            }
        },
        {
            "name": "disposition_code_3",
            "type": "STRING",
            "nullable": true,
            "metadata": {
                "id": 51,
                "description": "Disposition Code 3",
                "position": 51,
                "size": 3
            }
        },
        {
            "name": "disposition_date_3",
            "type": "STRING",
            "nullable": true,
            "metadata": {
                "id": 52,
                "description": "Disposition Date 3",
                "position": 52,
                "size": 8
            }
        },
        {
            "name": "disposition_amount_3",
            "type": "DOUBLE",
            "nullable": true,
            "metadata": {
                "id": 53,
                "description": "Disposition Amount 3",
                "position": 53,
                "size": 11
            }
        },
        {
            "name": "sequence_number_3",
            "type": "STRING",
            "nullable": true,
            "metadata": {
                "id": 54,
                "description": "Sequence Number 3",
                "position": 54,
                "size": 6
            }
        },
        {
            "name": "cdu_clk_3",
            "type": "STRING",
            "nullable": true,
            "metadata": {
                "id": 55,
                "description": "CDU Clerk Number 3",
                "position": 55,
                "size": 4
            }
        },
        {
            "name": "disposition_reason_code_3",
            "type": "STRING",
            "nullable": true,
            "metadata": {
                "id": 56,
                "description": "Disposition Reason Code 3",
                "position": 56,
                "size": 3
            }
        },
        {
            "name": "ar_control_number_3",
            "type": "STRING",
            "nullable": true,
            "metadata": {
                "id": 57,
                "description": "AR Control Number 3",
                "position": 57,
                "size": 10
            }
        },
        {
            "name": "disposition_action_plan_3",
            "type": "STRING",
            "nullable": true,
            "metadata": {
                "id": 58,
                "description": "Disposition Action Plan 3",
                "position": 58,
                "size": 3
            }
        },
        {
            "name": "disposition_claim_number_3",
            "type": "STRING",
            "nullable": true,
            "metadata": {
                "id": 59,
                "description": "Disposition Claim Number 3",
                "position": 59,
                "size": 16
            }
        },
        {
            "name": "ar_original_amount_3",
            "type": "DOUBLE",
            "nullable": true,
            "metadata": {
                "id": 60,
                "description": "AR Original Amount 3",
                "position": 60,
                "size": 11
            }
        },
        {
            "name": "disposition_je_code_3",
            "type": "STRING",
            "nullable": true,
            "metadata": {
                "id": 61,
                "description": "Disposition JE Code 3",
                "position": 61,
                "size": 1
            }
        },
        {
            "name": "disposition_je_date_3",
            "type": "STRING",
            "nullable": true,
            "metadata": {
                "id": 62,
                "description": "Disposition JE Date 3",
                "position": 62,
                "size": 8
            }
        },
        {
            "name": "disposition_source_3",
            "type": "STRING",
            "nullable": true,
            "metadata": {
                "id": 63,
                "description": "Disposition Source 3",
                "position": 63,
                "size": 1
            }
        },
        {
            "name": "disposition_subscriber_plan_3",
            "type": "STRING",
            "nullable": true,
            "metadata": {
                "id": 64,
                "description": "Disposition Subcriber Plan 3",
                "position": 64,
                "size": 3
            }
        },
        {
            "name": "disposition_bene_number_3",
            "type": "STRING",
            "nullable": true,
            "metadata": {
                "id": 65,
                "description": "Disposition BENE Number 3",
                "position": 65,
                "size": 14
            }
        },
        {
            "name": "disposition_first_time_sw_3",
            "type": "STRING",
            "nullable": true,
            "metadata": {
                "id": 66,
                "description": "Disposition First Time SW 3",
                "position": 66,
                "size": 1
            }
        },
        {
            "name": "disposition_owner_plan_3",
            "type": "STRING",
            "nullable": true,
            "metadata": {
                "id": 67,
                "description": "Disposition Owner Plan 3",
                "position": 67,
                "size": 6
            }
        },
        {
            "name": "disposition_group_superset_code_3",
            "type": "STRING",
            "nullable": true,
            "metadata": {
                "id": 68,
                "description": "Disposition Group Superset Code 3",
                "position": 68,
                "size": 6
            }
        },
        {
            "name": "disposition_group_groupset_code_3",
            "type": "STRING",
            "nullable": true,
            "metadata": {
                "id": 69,
                "description": "Disposition Group Groupset Code 3",
                "position": 69,
                "size": 6
            }
        },
        {
            "name": "disposition_group_service_plan_code_3",
            "type": "STRING",
            "nullable": true,
            "metadata": {
                "id": 70,
                "description": "Disposition Group Service Plan Code 3",
                "position": 70,
                "size": 6
            }
        },
        {
            "name": "disposition_group_fund_plan_code_3",
            "type": "STRING",
            "nullable": true,
            "metadata": {
                "id": 71,
                "description": "Disposition Group Fund Plan Code 3",
                "position": 71,
                "size": 4
            }
        },
        {
            "name": "disposition_action_code_3",
            "type": "STRING",
            "nullable": true,
            "metadata": {
                "id": 72,
                "description": "Disposition Action Code 3",
                "position": 72,
                "size": 3
            }
        }
    ],
    "curate_schema": [
        {
            "name": "cntrl_pln_num",
            "type": "STRING",
            "nullable": true,
            "metadata": {
                "id": 1,
                "description": "Control Plan Number",
                "position": 1,
                "size": 3
            }
        },
        {
            "name": "cust_num",
            "type": "STRING",
            "nullable": true,
            "metadata": {
                "id": 2,
                "description": "Customer Number or Owner Plan Number",
                "position": 2,
                "size": 3
            }
        },
        {
            "name": "file_cd",
            "type": "STRING",
            "nullable": true,
            "metadata": {
                "id": 3,
                "description": "File Code",
                "position": 3,
                "size": 2
            }
        },
        {
            "name": "cntrl_num",
            "type": "STRING",
            "nullable": true,
            "metadata": {
                "id": 4,
                "description": "Control Number",
                "position": 4,
                "size": 10
            }
        },
        {
            "name": "finc_pln",
            "type": "STRING",
            "nullable": true,
            "metadata": {
                "id": 5,
                "description": "Finc Plan",
                "position": 5,
                "size": 3
            }
        },
        {
            "name": "rcrd_cd",
            "type": "STRING",
            "nullable": true,
            "metadata": {
                "id": 6,
                "description": "Record Code",
                "position": 6,
                "size": 3
            }
        },
        {
            "name": "dispos_cd_1",
            "type": "STRING",
            "nullable": true,
            "metadata": {
                "id": 7,
                "description": "Disposition Code 1",
                "position": 7,
                "size": 3
            }
        },
        {
            "name": "dispos_dt_1",
            "type": "STRING",
            "nullable": true,
            "metadata": {
                "id": 8,
                "description": "Disposition Date 1",
                "position": 8,
                "size": 8
            }
        },
        {
            "name": "dispos_amt_1",
            "type": "DOUBLE",
            "nullable": true,
            "metadata": {
                "id": 9,
                "description": "Disposition Amount 1",
                "position": 9,
                "size": 11
            }
        },
        {
            "name": "seq_num_1",
            "type": "STRING",
            "nullable": true,
            "metadata": {
                "id": 10,
                "description": "Sequence Number 1",
                "position": 10,
                "size": 6
            }
        },
        {
            "name": "cdu_clk_1",
            "type": "STRING",
            "nullable": true,
            "metadata": {
                "id": 11,
                "description": "CDU Clerk Number 1",
                "position": 11,
                "size": 4
            }
        },
        {
            "name": "dispos_rsn_cd_1",
            "type": "STRING",
            "nullable": true,
            "metadata": {
                "id": 12,
                "description": "Disposition Reason Code 1",
                "position": 12,
                "size": 3
            }
        },
        {
            "name": "ar_cntrl_num_1",
            "type": "STRING",
            "nullable": true,
            "metadata": {
                "id": 13,
                "description": "AR Control Number 1",
                "position": 13,
                "size": 10
            }
        },
        {
            "name": "dispos_actn_pln_1",
            "type": "STRING",
            "nullable": true,
            "metadata": {
                "id": 14,
                "description": "Disposition Action Plan 1",
                "position": 14,
                "size": 3
            }
        },
        {
            "name": "dispos_clm_num_1",
            "type": "STRING",
            "nullable": true,
            "metadata": {
                "id": 15,
                "description": "Disposition Claim Number 1",
                "position": 15,
                "size": 16
            }
        },
        {
            "name": "ar_orig_amt_1",
            "type": "DOUBLE",
            "nullable": true,
            "metadata": {
                "id": 16,
                "description": "AR Original Amount 1",
                "position": 16,
                "size": 11
            }
        },
        {
            "name": "dispos_je_cd_1",
            "type": "STRING",
            "nullable": true,
            "metadata": {
                "id": 17,
                "description": "Disposition JE Code 1",
                "position": 17,
                "size": 1
            }
        },
        {
            "name": "dispos_je_dt_1",
            "type": "STRING",
            "nullable": true,
            "metadata": {
                "id": 18,
                "description": "Disposition JE Date 1",
                "position": 18,
                "size": 8
            }
        },
        {
            "name": "dispos_src_1",
            "type": "STRING",
            "nullable": true,
            "metadata": {
                "id": 19,
                "description": "Disposition Source 1",
                "position": 19,
                "size": 1
            }
        },
        {
            "name": "dispos_sub_pln_1",
            "type": "STRING",
            "nullable": true,
            "metadata": {
                "id": 20,
                "description": "Disposition Subcriber Plan 1",
                "position": 20,
                "size": 3
            }
        },
        {
            "name": "dispos_bene_num_1",
            "type": "STRING",
            "nullable": true,
            "metadata": {
                "id": 21,
                "description": "Disposition BENE Number 1",
                "position": 21,
                "size": 14
            }
        },
        {
            "name": "dispos_frst_time_sw_1",
            "type": "STRING",
            "nullable": true,
            "metadata": {
                "id": 22,
                "description": "Disposition First Time SW 1",
                "position": 22,
                "size": 1
            }
        },
        {
            "name": "dispos_owner_pln_1",
            "type": "STRING",
            "nullable": true,
            "metadata": {
                "id": 23,
                "description": "Disposition Owner Plan 1",
                "position": 23,
                "size": 6
            }
        },
        {
            "name": "dispos_grp_superset_cd_1",
            "type": "STRING",
            "nullable": true,
            "metadata": {
                "id": 24,
                "description": "Disposition Group Superset Code 1",
                "position": 24,
                "size": 6
            }
        },
        {
            "name": "dispos_grp_groupset_cd_1",
            "type": "STRING",
            "nullable": true,
            "metadata": {
                "id": 25,
                "description": "Disposition Group Groupset Code 1",
                "position": 25,
                "size": 6
            }
        },
        {
            "name": "dispos_grp_svc_pln_cd_1",
            "type": "STRING",
            "nullable": true,
            "metadata": {
                "id": 26,
                "description": "Disposition Group Service Plan Code 1",
                "position": 26,
                "size": 6
            }
        },
        {
            "name": "dispos_grp_fund_pln_cd_1",
            "type": "STRING",
            "nullable": true,
            "metadata": {
                "id": 27,
                "description": "Disposition Group Fund Plan Code 1",
                "position": 27,
                "size": 4
            }
        },
        {
            "name": "dispos_actn_cd_1",
            "type": "STRING",
            "nullable": true,
            "metadata": {
                "id": 28,
                "description": "Disposition Action Code 1",
                "position": 28,
                "size": 3
            }
        },
        {
            "name": "dispos_cd_2",
            "type": "STRING",
            "nullable": true,
            "metadata": {
                "id": 29,
                "description": "Disposition Code 2",
                "position": 29,
                "size": 3
            }
        },
        {
            "name": "dispos_dt_2",
            "type": "STRING",
            "nullable": true,
            "metadata": {
                "id": 30,
                "description": "Disposition Date 2",
                "position": 30,
                "size": 8
            }
        },
        {
            "name": "dispos_amt_2",
            "type": "DOUBLE",
            "nullable": true,
            "metadata": {
                "id": 31,
                "description": "Disposition Amount 2",
                "position": 31,
                "size": 11
            }
        },
        {
            "name": "seq_num_2",
            "type": "STRING",
            "nullable": true,
            "metadata": {
                "id": 32,
                "description": "Sequence Number 2",
                "position": 32,
                "size": 6
            }
        },
        {
            "name": "cdu_clk_2",
            "type": "STRING",
            "nullable": true,
            "metadata": {
                "id": 33,
                "description": "CDU Clerk Number 2",
                "position": 33,
                "size": 4
            }
        },
        {
            "name": "dispos_rsn_cd_2",
            "type": "STRING",
            "nullable": true,
            "metadata": {
                "id": 34,
                "description": "Disposition Reason Code 2",
                "position": 34,
                "size": 3
            }
        },
        {
            "name": "ar_cntrl_num_2",
            "type": "STRING",
            "nullable": true,
            "metadata": {
                "id": 35,
                "description": "AR Control Number 2",
                "position": 35,
                "size": 10
            }
        },
        {
            "name": "dispos_actn_pln_2",
            "type": "STRING",
            "nullable": true,
            "metadata": {
                "id": 36,
                "description": "Disposition Action Plan 2",
                "position": 36,
                "size": 3
            }
        },
        {
            "name": "dispos_clm_num_2",
            "type": "STRING",
            "nullable": true,
            "metadata": {
                "id": 37,
                "description": "Disposition Claim Number 2",
                "position": 37,
                "size": 16
            }
        },
        {
            "name": "ar_orig_amt_2",
            "type": "DOUBLE",
            "nullable": true,
            "metadata": {
                "id": 38,
                "description": "AR Original Amount 2",
                "position": 38,
                "size": 11
            }
        },
        {
            "name": "dispos_je_cd_2",
            "type": "STRING",
            "nullable": true,
            "metadata": {
                "id": 39,
                "description": "Disposition JE Code 2",
                "position": 39,
                "size": 1
            }
        },
        {
            "name": "dispos_je_dt_2",
            "type": "STRING",
            "nullable": true,
            "metadata": {
                "id": 40,
                "description": "Disposition JE Date 2",
                "position": 40,
                "size": 8
            }
        },
        {
            "name": "dispos_src_2",
            "type": "STRING",
            "nullable": true,
            "metadata": {
                "id": 41,
                "description": "Disposition Source 2",
                "position": 41,
                "size": 1
            }
        },
        {
            "name": "dispos_sub_pln_2",
            "type": "STRING",
            "nullable": true,
            "metadata": {
                "id": 42,
                "description": "Disposition Subcriber Plan 2",
                "position": 42,
                "size": 3
            }
        },
        {
            "name": "dispos_bene_num_2",
            "type": "STRING",
            "nullable": true,
            "metadata": {
                "id": 43,
                "description": "Disposition BENE Number 2",
                "position": 43,
                "size": 14
            }
        },
        {
            "name": "dispos_frst_time_sw_2",
            "type": "STRING",
            "nullable": true,
            "metadata": {
                "id": 44,
                "description": "Disposition First Time SW 2",
                "position": 44,
                "size": 1
            }
        },
        {
            "name": "dispos_owner_pln_2",
            "type": "STRING",
            "nullable": true,
            "metadata": {
                "id": 45,
                "description": "Disposition Owner Plan 2",
                "position": 45,
                "size": 6
            }
        },
        {
            "name": "dispos_grp_superset_cd_2",
            "type": "STRING",
            "nullable": true,
            "metadata": {
                "id": 46,
                "description": "Disposition Group Superset Code 2",
                "position": 46,
                "size": 6
            }
        },
        {
            "name": "dispos_grp_groupset_cd_2",
            "type": "STRING",
            "nullable": true,
            "metadata": {
                "id": 47,
                "description": "Disposition Group Groupset Code 2",
                "position": 47,
                "size": 6
            }
        },
        {
            "name": "dispos_grp_svc_pln_cd_2",
            "type": "STRING",
            "nullable": true,
            "metadata": {
                "id": 48,
                "description": "Disposition Group Service Plan Code 2",
                "position": 48,
                "size": 6
            }
        },
        {
            "name": "dispos_grp_fund_pln_cd_2",
            "type": "STRING",
            "nullable": true,
            "metadata": {
                "id": 49,
                "description": "Disposition Group Fund Plan Code 2",
                "position": 49,
                "size": 4
            }
        },
        {
            "name": "dispos_actn_cd_2",
            "type": "STRING",
            "nullable": true,
            "metadata": {
                "id": 50,
                "description": "Disposition Action Code 2",
                "position": 50,
                "size": 3
            }
        },
        {
            "name": "dispos_cd_3",
            "type": "STRING",
            "nullable": true,
            "metadata": {
                "id": 51,
                "description": "Disposition Code 3",
                "position": 51,
                "size": 3
            }
        },
        {
            "name": "dispos_dt_3",
            "type": "STRING",
            "nullable": true,
            "metadata": {
                "id": 52,
                "description": "Disposition Date 3",
                "position": 52,
                "size": 8
            }
        },
        {
            "name": "dispos_amt_3",
            "type": "DOUBLE",
            "nullable": true,
            "metadata": {
                "id": 53,
                "description": "Disposition Amount 3",
                "position": 53,
                "size": 11
            }
        },
        {
            "name": "seq_num_3",
            "type": "STRING",
            "nullable": true,
            "metadata": {
                "id": 54,
                "description": "Sequence Number 3",
                "position": 54,
                "size": 6
            }
        },
        {
            "name": "cdu_clk_3",
            "type": "STRING",
            "nullable": true,
            "metadata": {
                "id": 55,
                "description": "CDU Clerk Number 3",
                "position": 55,
                "size": 4
            }
        },
        {
            "name": "dispos_rsn_cd_3",
            "type": "STRING",
            "nullable": true,
            "metadata": {
                "id": 56,
                "description": "Disposition Reason Code 3",
                "position": 56,
                "size": 3
            }
        },
        {
            "name": "ar_cntrl_num_3",
            "type": "STRING",
            "nullable": true,
            "metadata": {
                "id": 57,
                "description": "AR Control Number 3",
                "position": 57,
                "size": 10
            }
        },
        {
            "name": "dispos_actn_pln_3",
            "type": "STRING",
            "nullable": true,
            "metadata": {
                "id": 58,
                "description": "Disposition Action Plan 3",
                "position": 58,
                "size": 3
            }
        },
        {
            "name": "dispos_clm_num_3",
            "type": "STRING",
            "nullable": true,
            "metadata": {
                "id": 59,
                "description": "Disposition Claim Number 3",
                "position": 59,
                "size": 16
            }
        },
        {
            "name": "ar_orig_amt_3",
            "type": "DOUBLE",
            "nullable": true,
            "metadata": {
                "id": 60,
                "description": "AR Original Amount 3",
                "position": 60,
                "size": 11
            }
        },
        {
            "name": "dispos_je_cd_3",
            "type": "STRING",
            "nullable": true,
            "metadata": {
                "id": 61,
                "description": "Disposition JE Code 3",
                "position": 61,
                "size": 1
            }
        },
        {
            "name": "dispos_je_dt_3",
            "type": "STRING",
            "nullable": true,
            "metadata": {
                "id": 62,
                "description": "Disposition JE Date 3",
                "position": 62,
                "size": 8
            }
        },
        {
            "name": "dispos_src_3",
            "type": "STRING",
            "nullable": true,
            "metadata": {
                "id": 63,
                "description": "Disposition Source 3",
                "position": 63,
                "size": 1
            }
        },
        {
            "name": "dispos_sub_pln_3",
            "type": "STRING",
            "nullable": true,
            "metadata": {
                "id": 64,
                "description": "Disposition Subcriber Plan 3",
                "position": 64,
                "size": 3
            }
        },
        {
            "name": "dispos_bene_num_3",
            "type": "STRING",
            "nullable": true,
            "metadata": {
                "id": 65,
                "description": "Disposition BENE Number 3",
                "position": 65,
                "size": 14
            }
        },
        {
            "name": "dispos_frst_time_sw_3",
            "type": "STRING",
            "nullable": true,
            "metadata": {
                "id": 66,
                "description": "Disposition First Time SW 3",
                "position": 66,
                "size": 1
            }
        },
        {
            "name": "dispos_owner_pln_3",
            "type": "STRING",
            "nullable": true,
            "metadata": {
                "id": 67,
                "description": "Disposition Owner Plan 3",
                "position": 67,
                "size": 6
            }
        },
        {
            "name": "dispos_grp_superset_cd_3",
            "type": "STRING",
            "nullable": true,
            "metadata": {
                "id": 68,
                "description": "Disposition Group Superset Code 3",
                "position": 68,
                "size": 6
            }
        },
        {
            "name": "dispos_grp_groupset_cd_3",
            "type": "STRING",
            "nullable": true,
            "metadata": {
                "id": 69,
                "description": "Disposition Group Groupset Code 3",
                "position": 69,
                "size": 6
            }
        },
        {
            "name": "dispos_grp_svc_pln_cd_3",
            "type": "STRING",
            "nullable": true,
            "metadata": {
                "id": 70,
                "description": "Disposition Group Service Plan Code 3",
                "position": 70,
                "size": 6
            }
        },
        {
            "name": "dispos_grp_fund_pln_cd_3",
            "type": "STRING",
            "nullable": true,
            "metadata": {
                "id": 71,
                "description": "Disposition Group Fund Plan Code 3",
                "position": 71,
                "size": 4
            }
        },
        {
            "name": "dispos_actn_cd_3",
            "type": "STRING",
            "nullable": true,
            "metadata": {
                "id": 72,
                "description": "Disposition Action Code 3",
                "position": 72,
                "size": 3
            }
        },
        {
            "name": "dispos_dt_1_trsform",
            "type": "TIMESTAMP",
            "nullable": false,
            "metadata": {
                "id": 73,
                "description": "",
                "position": 73,
                "size": 10
            }
        },
        {
            "name": "dispos_je_dt_1_trsform",
            "type": "TIMESTAMP",
            "nullable": false,
            "metadata": {
                "id": 74,
                "description": "",
                "position": 74,
                "size": 10
            }
        },
        {
            "name": "dispos_dt_2_trsform",
            "type": "TIMESTAMP",
            "nullable": false,
            "metadata": {
                "id": 75,
                "description": "",
                "position": 75,
                "size": 10
            }
        },
        {
            "name": "dispos_je_dt_2_trsform",
            "type": "TIMESTAMP",
            "nullable": false,
            "metadata": {
                "id": 76,
                "description": "",
                "position": 76,
                "size": 10
            }
        },
        {
            "name": "dispos_dt_3_trsform",
            "type": "TIMESTAMP",
            "nullable": false,
            "metadata": {
                "id": 77,
                "description": "",
                "position": 77,
                "size": 10
            }
        },
        {
            "name": "dispos_je_dt_3_trsform",
            "type": "TIMESTAMP",
            "nullable": false,
            "metadata": {
                "id": 78,
                "description": "",
                "position": 78,
                "size": 10
            }
        },
        {
            "name": "file_nm",
            "type": "STRING",
            "nullable": false,
            "metadata": {
                "id": 79,
                "description": "Data Source File Name",
                "position": 79,
                "size": 50
            }
        },
        {
            "name": "load_timestamp",
            "type": "TIMESTAMP",
            "nullable": false,
            "metadata": {
                "id": 80,
                "description": "Load Timestamp",
                "position": 80,
                "size": 0
            }
        },
        {
            "name": "feed_cycle",
            "type": "STRING",
            "nullable": false,
            "metadata": {
                "id": 81,
                "description": "Monthly Cycle Extracted from File Name",
                "position": 81,
                "size": 8
            }
        },
        {
            "name": "feed_dt",
            "type": "STRING",
            "nullable": false,
            "metadata": {
                "id": 82,
                "description": "Date Extracted from File Name",
                "position": 82,
                "size": 8
            }
        }
    ]
}
