{
    "name": "claim_sas_nasco_weekly_cash_cr",
    "business_domain": "sas",
    "source_system_code": "nsc",
    "description": "This is Cash CR Record Extract from Nasco. This is received Weekly",
    "file_format": "DELIMITED",
    "delimiter": "|",
    "file_naming_format": "(DEV|TEST|STG|PROD)_NASCO_WEEKLY_CASH_CR_d{8}.txt",
    "partition_keys": ["feed_cycle","feed_dt"],
    "ingest_type": "FILE",
    "multi_record_type_indicator": "",
    "multi_record_type_indicator_pos": "",
    "raw_schema": [
        {
            "name": "control_plan_number",
            "type": "STRING",
            "nullable": true,
            "metadata": {
                "id": 1,
                "description": "Control Plan Number",
                "position": 1,
                "size": 3
            }
        },
        {
            "name": "customer_number",
            "type": "STRING",
            "nullable": true,
            "metadata": {
                "id": 2,
                "description": "Customer Number or Owner Plan Number",
                "position": 2,
                "size": 3
            }
        },
        {
            "name": "file_code",
            "type": "STRING",
            "nullable": true,
            "metadata": {
                "id": 3,
                "description": "File Code",
                "position": 3,
                "size": 2
            }
        },
        {
            "name": "control_number",
            "type": "STRING",
            "nullable": true,
            "metadata": {
                "id": 4,
                "description": "Control Number",
                "position": 4,
                "size": 10
            }
        },
        {
            "name": "finc_plan",
            "type": "STRING",
            "nullable": true,
            "metadata": {
                "id": 5,
                "description": "Finc Plan",
                "position": 5,
                "size": 3
            }
        },
        {
            "name": "record_code",
            "type": "STRING",
            "nullable": true,
            "metadata": {
                "id": 6,
                "description": "Record Code",
                "position": 6,
                "size": 3
            }
        },
        {
            "name": "cash_type",
            "type": "STRING",
            "nullable": true,
            "metadata": {
                "id": 7,
                "description": "Cash Type",
                "position": 7,
                "size": 3
            }
        },
        {
            "name": "program_code",
            "type": "STRING",
            "nullable": true,
            "metadata": {
                "id": 8,
                "description": "Program Code",
                "position": 8,
                "size": 3
            }
        },
        {
            "name": "original_amount",
            "type": "DOUBLE",
            "nullable": true,
            "metadata": {
                "id": 9,
                "description": "Original Amount",
                "position": 9,
                "size": 11
            }
        },
        {
            "name": "group_superset_code",
            "type": "STRING",
            "nullable": true,
            "metadata": {
                "id": 10,
                "description": "Group Superset Code",
                "position": 10,
                "size": 6
            }
        },
        {
            "name": "group_groupset_code",
            "type": "STRING",
            "nullable": true,
            "metadata": {
                "id": 11,
                "description": "Group Groupset Code",
                "position": 11,
                "size": 6
            }
        },
        {
            "name": "group_service_plan_code",
            "type": "STRING",
            "nullable": true,
            "metadata": {
                "id": 12,
                "description": "Group Service Plan Code",
                "position": 12,
                "size": 6
            }
        },
        {
            "name": "group_fund_plan_code",
            "type": "STRING",
            "nullable": true,
            "metadata": {
                "id": 13,
                "description": "Group Fund Plan Code",
                "position": 13,
                "size": 4
            }
        },
        {
            "name": "provider_name",
            "type": "STRING",
            "nullable": true,
            "metadata": {
                "id": 14,
                "description": "Provider Name",
                "position": 14,
                "size": 20
            }
        },
        {
            "name": "clerk_number",
            "type": "STRING",
            "nullable": true,
            "metadata": {
                "id": 15,
                "description": "Clerk Number",
                "position": 15,
                "size": 4
            }
        },
        {
            "name": "payee_id_type",
            "type": "STRING",
            "nullable": true,
            "metadata": {
                "id": 16,
                "description": "Payee ID Type",
                "position": 16,
                "size": 1
            }
        },
        {
            "name": "provider_plan_code",
            "type": "STRING",
            "nullable": true,
            "metadata": {
                "id": 17,
                "description": "Provider Plan Code",
                "position": 17,
                "size": 4
            }
        },
        {
            "name": "provider_lob",
            "type": "STRING",
            "nullable": true,
            "metadata": {
                "id": 18,
                "description": "Provider Line Of Business",
                "position": 18,
                "size": 1
            }
        },
        {
            "name": "provider_number",
            "type": "STRING",
            "nullable": true,
            "metadata": {
                "id": 19,
                "description": "Provider Number",
                "position": 19,
                "size": 10
            }
        },
        {
            "name": "group_subscriber_plan",
            "type": "STRING",
            "nullable": true,
            "metadata": {
                "id": 20,
                "description": "Group Subscriber Plan",
                "position": 20,
                "size": 3
            }
        },
        {
            "name": "group_number",
            "type": "STRING",
            "nullable": true,
            "metadata": {
                "id": 21,
                "description": "Group Number",
                "position": 21,
                "size": 9
            }
        },
        {
            "name": "section_number",
            "type": "STRING",
            "nullable": true,
            "metadata": {
                "id": 22,
                "description": "Section Number",
                "position": 22,
                "size": 4
            }
        },
        {
            "name": "member_subscriber_plan",
            "type": "STRING",
            "nullable": true,
            "metadata": {
                "id": 23,
                "description": "Member Subscriber Plan",
                "position": 23,
                "size": 3
            }
        },
        {
            "name": "member_number",
            "type": "STRING",
            "nullable": true,
            "metadata": {
                "id": 24,
                "description": "Member Number",
                "position": 24,
                "size": 13
            }
        },
        {
            "name": "interest_flag",
            "type": "STRING",
            "nullable": true,
            "metadata": {
                "id": 25,
                "description": "Interest Flag",
                "position": 25,
                "size": 1
            }
        },
        {
            "name": "capitation_flag",
            "type": "STRING",
            "nullable": true,
            "metadata": {
                "id": 26,
                "description": "Capitation Flag",
                "position": 26,
                "size": 1
            }
        },
        {
            "name": "check_type",
            "type": "STRING",
            "nullable": true,
            "metadata": {
                "id": 27,
                "description": "Check Type",
                "position": 27,
                "size": 1
            }
        },
        {
            "name": "cash_account_number",
            "type": "STRING",
            "nullable": true,
            "metadata": {
                "id": 28,
                "description": "Cash Account Number",
                "position": 28,
                "size": 4
            }
        },
        {
            "name": "cr_account_number",
            "type": "STRING",
            "nullable": true,
            "metadata": {
                "id": 29,
                "description": "CR Account Number",
                "position": 29,
                "size": 4
            }
        },
        {
            "name": "check_account_number",
            "type": "STRING",
            "nullable": true,
            "metadata": {
                "id": 30,
                "description": "Check Account Number",
                "position": 30,
                "size": 4
            }
        },
        {
            "name": "check_number",
            "type": "STRING",
            "nullable": true,
            "metadata": {
                "id": 31,
                "description": "Check Number",
                "position": 31,
                "size": 10
            }
        },
        {
            "name": "cash_date",
            "type": "STRING",
            "nullable": true,
            "metadata": {
                "id": 32,
                "description": "Cash Date",
                "position": 32,
                "size": 8
            }
        },
        {
            "name": "action_plan",
            "type": "STRING",
            "nullable": true,
            "metadata": {
                "id": 33,
                "description": "Action Plan",
                "position": 33,
                "size": 3
            }
        },
        {
            "name": "claim_number",
            "type": "STRING",
            "nullable": true,
            "metadata": {
                "id": 34,
                "description": "Claim Number",
                "position": 34,
                "size": 16
            }
        },
        {
            "name": "cr_setup_ar",
            "type": "STRING",
            "nullable": true,
            "metadata": {
                "id": 35,
                "description": "CR Setup AR",
                "position": 35,
                "size": 10
            }
        },
        {
            "name": "cr_setup_ar_amount",
            "type": "DOUBLE",
            "nullable": true,
            "metadata": {
                "id": 36,
                "description": "CR Setup AR Amount",
                "position": 36,
                "size": 11
            }
        },
        {
            "name": "bill_int_check_number",
            "type": "STRING",
            "nullable": true,
            "metadata": {
                "id": 37,
                "description": "Bill Interest Check Number",
                "position": 37,
                "size": 10
            }
        },
        {
            "name": "bill_from_date",
            "type": "STRING",
            "nullable": true,
            "metadata": {
                "id": 38,
                "description": "Bill From Date",
                "position": 38,
                "size": 8
            }
        },
        {
            "name": "bill_to_date",
            "type": "STRING",
            "nullable": true,
            "metadata": {
                "id": 39,
                "description": "Bill To Date",
                "position": 39,
                "size": 8
            }
        },
        {
            "name": "nops_number",
            "type": "STRING",
            "nullable": true,
            "metadata": {
                "id": 40,
                "description": "NOPS Number",
                "position": 40,
                "size": 8
            }
        },
        {
            "name": "je_code",
            "type": "STRING",
            "nullable": true,
            "metadata": {
                "id": 41,
                "description": "JE Code",
                "position": 41,
                "size": 1
            }
        },
        {
            "name": "je1_date",
            "type": "STRING",
            "nullable": true,
            "metadata": {
                "id": 42,
                "description": "JE Date",
                "position": 42,
                "size": 6
            }
        },
        {
            "name": "claim_1099_code",
            "type": "STRING",
            "nullable": true,
            "metadata": {
                "id": 43,
                "description": "claim 1099 Code",
                "position": 43,
                "size": 1
            }
        },
        {
            "name": "reason_code",
            "type": "STRING",
            "nullable": true,
            "metadata": {
                "id": 44,
                "description": "Reason Code",
                "position": 44,
                "size": 3
            }
        },
        {
            "name": "first_time_sw",
            "type": "STRING",
            "nullable": true,
            "metadata": {
                "id": 45,
                "description": "First Time SW",
                "position": 45,
                "size": 1
            }
        },
        {
            "name": "update_date",
            "type": "STRING",
            "nullable": true,
            "metadata": {
                "id": 46,
                "description": "Update Date",
                "position": 46,
                "size": 8
            }
        },
        {
            "name": "remaining_amount",
            "type": "DOUBLE",
            "nullable": true,
            "metadata": {
                "id": 47,
                "description": "Remaining Amount",
                "position": 47,
                "size": 11
            }
        },
        {
            "name": "check_issue_date",
            "type": "STRING",
            "nullable": true,
            "metadata": {
                "id": 48,
                "description": "Check Issue Date",
                "position": 48,
                "size": 8
            }
        },
        {
            "name": "current_credit_amount",
            "type": "DOUBLE",
            "nullable": true,
            "metadata": {
                "id": 49,
                "description": "Current Credit Amount",
                "position": 49,
                "size": 11
            }
        },
        {
            "name": "total_credit_amount",
            "type": "DOUBLE",
            "nullable": true,
            "metadata": {
                "id": 50,
                "description": "Total Credit Amount",
                "position": 50,
                "size": 11
            }
        },
        {
            "name": "original_control_number",
            "type": "STRING",
            "nullable": true,
            "metadata": {
                "id": 51,
                "description": "Original Control Number",
                "position": 51,
                "size": 10
            }
        },
        {
            "name": "action_code",
            "type": "STRING",
            "nullable": true,
            "metadata": {
                "id": 52,
                "description": "Action Code",
                "position": 52,
                "size": 3
            }
        },
        {
            "name": "group_number_1",
            "type": "STRING",
            "nullable": true,
            "metadata": {
                "id": 53,
                "description": "Group Number 1",
                "position": 53,
                "size": 9
            }
        },
        {
            "name": "group_section_1",
            "type": "STRING",
            "nullable": true,
            "metadata": {
                "id": 54,
                "description": "Group Section 1",
                "position": 54,
                "size": 4
            }
        },
        {
            "name": "disposition_code",
            "type": "STRING",
            "nullable": true,
            "metadata": {
                "id": 55,
                "description": "Disposition Code",
                "position": 55,
                "size": 3
            }
        },
        {
            "name": "disposition_date",
            "type": "STRING",
            "nullable": true,
            "metadata": {
                "id": 56,
                "description": "Disposition Date",
                "position": 56,
                "size": 8
            }
        },
        {
            "name": "disposition_amount",
            "type": "DOUBLE",
            "nullable": true,
            "metadata": {
                "id": 57,
                "description": "Disposition Amount",
                "position": 57,
                "size": 11
            }
        },
        {
            "name": "sequence_number",
            "type": "STRING",
            "nullable": true,
            "metadata": {
                "id": 58,
                "description": "Sequence Number",
                "position": 58,
                "size": 6
            }
        },
        {
            "name": "cdu_clk",
            "type": "STRING",
            "nullable": true,
            "metadata": {
                "id": 59,
                "description": "CDU CLK",
                "position": 59,
                "size": 4
            }
        },
        {
            "name": "disposition_reason_code",
            "type": "STRING",
            "nullable": true,
            "metadata": {
                "id": 60,
                "description": "Disposition Reason Code",
                "position": 60,
                "size": 3
            }
        },
        {
            "name": "ar_control_number",
            "type": "STRING",
            "nullable": true,
            "metadata": {
                "id": 61,
                "description": "AR Control Number",
                "position": 61,
                "size": 10
            }
        },
        {
            "name": "disposition_action_plan",
            "type": "STRING",
            "nullable": true,
            "metadata": {
                "id": 62,
                "description": "Disposition Action Plan",
                "position": 62,
                "size": 3
            }
        },
        {
            "name": "disposition_claim_number",
            "type": "STRING",
            "nullable": true,
            "metadata": {
                "id": 63,
                "description": "Disposition Claim Number",
                "position": 63,
                "size": 16
            }
        },
        {
            "name": "ar_original_amount",
            "type": "DOUBLE",
            "nullable": true,
            "metadata": {
                "id": 64,
                "description": "AR Original Amount",
                "position": 64,
                "size": 11
            }
        },
        {
            "name": "disposition_je_code",
            "type": "STRING",
            "nullable": true,
            "metadata": {
                "id": 65,
                "description": "Disposition JE Code",
                "position": 65,
                "size": 1
            }
        },
        {
            "name": "disposition_je_date",
            "type": "STRING",
            "nullable": true,
            "metadata": {
                "id": 66,
                "description": "Disposition JE Date",
                "position": 66,
                "size": 8
            }
        },
        {
            "name": "disposition_source",
            "type": "STRING",
            "nullable": true,
            "metadata": {
                "id": 67,
                "description": "Disposition Source",
                "position": 67,
                "size": 1
            }
        },
        {
            "name": "disposition_subscriber_plan",
            "type": "STRING",
            "nullable": true,
            "metadata": {
                "id": 68,
                "description": "Disposition Subcriber Plan",
                "position": 68,
                "size": 3
            }
        },
        {
            "name": "disposition_bene_number",
            "type": "STRING",
            "nullable": true,
            "metadata": {
                "id": 69,
                "description": "Disposition BENE Number",
                "position": 69,
                "size": 14
            }
        },
        {
            "name": "disposition_first_time_sw",
            "type": "STRING",
            "nullable": true,
            "metadata": {
                "id": 70,
                "description": "Disposition First Time SW",
                "position": 70,
                "size": 1
            }
        },
        {
            "name": "disposition_owner_plan",
            "type": "STRING",
            "nullable": true,
            "metadata": {
                "id": 71,
                "description": "Disposition Owner Plan",
                "position": 71,
                "size": 6
            }
        },
        {
            "name": "disposition_group_superset_code",
            "type": "STRING",
            "nullable": true,
            "metadata": {
                "id": 72,
                "description": "Disposition Group Superset Code",
                "position": 72,
                "size": 6
            }
        },
        {
            "name": "disposition_group_groupset_code",
            "type": "STRING",
            "nullable": true,
            "metadata": {
                "id": 73,
                "description": "Disposition Group Groupset Code",
                "position": 73,
                "size": 6
            }
        },
        {
            "name": "disposition_group_service_plan_code",
            "type": "STRING",
            "nullable": true,
            "metadata": {
                "id": 74,
                "description": "Disposition Group Service Plan Code",
                "position": 74,
                "size": 6
            }
        },
        {
            "name": "disposition_group_fund_plan_code",
            "type": "STRING",
            "nullable": true,
            "metadata": {
                "id": 75,
                "description": "Disposition Group Fund Plan Code",
                "position": 75,
                "size": 4
            }
        },
        {
            "name": "disposition_action_code",
            "type": "STRING",
            "nullable": true,
            "metadata": {
                "id": 76,
                "description": "Disposition Action Code",
                "position": 76,
                "size": 3
            }
        }
    ],
    "curate_schema": [
        {
            "name": "cntrl_pln_num",
            "type": "STRING",
            "nullable": true,
            "metadata": {
                "id": 1,
                "description": "Control Plan Number",
                "position": 1,
                "size": 3
            }
        },
        {
            "name": "cust_num",
            "type": "STRING",
            "nullable": true,
            "metadata": {
                "id": 2,
                "description": "Customer Number or Owner Plan Number",
                "position": 2,
                "size": 3
            }
        },
        {
            "name": "file_cd",
            "type": "STRING",
            "nullable": true,
            "metadata": {
                "id": 3,
                "description": "File Code",
                "position": 3,
                "size": 2
            }
        },
        {
            "name": "cntrl_num",
            "type": "STRING",
            "nullable": true,
            "metadata": {
                "id": 4,
                "description": "Control Number",
                "position": 4,
                "size": 10
            }
        },
        {
            "name": "finc_pln",
            "type": "STRING",
            "nullable": true,
            "metadata": {
                "id": 5,
                "description": "Finc Plan",
                "position": 5,
                "size": 3
            }
        },
        {
            "name": "rcrd_cd",
            "type": "STRING",
            "nullable": true,
            "metadata": {
                "id": 6,
                "description": "Record Code",
                "position": 6,
                "size": 3
            }
        },
        {
            "name": "cash_typ",
            "type": "STRING",
            "nullable": true,
            "metadata": {
                "id": 7,
                "description": "Cash Type",
                "position": 7,
                "size": 3
            }
        },
        {
            "name": "prgrm_cd",
            "type": "STRING",
            "nullable": true,
            "metadata": {
                "id": 8,
                "description": "Program Code",
                "position": 8,
                "size": 3
            }
        },
        {
            "name": "orig_amt",
            "type": "DOUBLE",
            "nullable": true,
            "metadata": {
                "id": 9,
                "description": "Original Amount",
                "position": 9,
                "size": 11
            }
        },
        {
            "name": "grp_superset_cd",
            "type": "STRING",
            "nullable": true,
            "metadata": {
                "id": 10,
                "description": "Group Superset Code",
                "position": 10,
                "size": 6
            }
        },
        {
            "name": "grp_groupset_cd",
            "type": "STRING",
            "nullable": true,
            "metadata": {
                "id": 11,
                "description": "Group Groupset Code",
                "position": 11,
                "size": 6
            }
        },
        {
            "name": "grp_svc_pln_cd",
            "type": "STRING",
            "nullable": true,
            "metadata": {
                "id": 12,
                "description": "Group Service Plan Code",
                "position": 12,
                "size": 6
            }
        },
        {
            "name": "grp_fund_pln_cd",
            "type": "STRING",
            "nullable": true,
            "metadata": {
                "id": 13,
                "description": "Group Fund Plan Code",
                "position": 13,
                "size": 4
            }
        },
        {
            "name": "prov_nm",
            "type": "STRING",
            "nullable": true,
            "metadata": {
                "id": 14,
                "description": "Provider Name",
                "position": 14,
                "size": 20
            }
        },
        {
            "name": "clerk_num",
            "type": "STRING",
            "nullable": true,
            "metadata": {
                "id": 15,
                "description": "Clerk Number",
                "position": 15,
                "size": 4
            }
        },
        {
            "name": "payee_id_typ",
            "type": "STRING",
            "nullable": true,
            "metadata": {
                "id": 16,
                "description": "Payee ID Type",
                "position": 16,
                "size": 1
            }
        },
        {
            "name": "prov_pln_cd",
            "type": "STRING",
            "nullable": true,
            "metadata": {
                "id": 17,
                "description": "Provider Plan Code",
                "position": 17,
                "size": 4
            }
        },
        {
            "name": "prov_lob",
            "type": "STRING",
            "nullable": true,
            "metadata": {
                "id": 18,
                "description": "Provider Line Of Business",
                "position": 18,
                "size": 1
            }
        },
        {
            "name": "prov_num",
            "type": "STRING",
            "nullable": true,
            "metadata": {
                "id": 19,
                "description": "Provider Number",
                "position": 19,
                "size": 10
            }
        },
        {
            "name": "grp_sub_pln",
            "type": "STRING",
            "nullable": true,
            "metadata": {
                "id": 20,
                "description": "Group Subscriber Plan",
                "position": 20,
                "size": 3
            }
        },
        {
            "name": "grp_num",
            "type": "STRING",
            "nullable": true,
            "metadata": {
                "id": 21,
                "description": "Group Number",
                "position": 21,
                "size": 9
            }
        },
        {
            "name": "sect_num",
            "type": "STRING",
            "nullable": true,
            "metadata": {
                "id": 22,
                "description": "Section Number",
                "position": 22,
                "size": 4
            }
        },
        {
            "name": "mem_sub_pln",
            "type": "STRING",
            "nullable": true,
            "metadata": {
                "id": 23,
                "description": "Member Subscriber Plan",
                "position": 23,
                "size": 3
            }
        },
        {
            "name": "mem_num",
            "type": "STRING",
            "nullable": true,
            "metadata": {
                "id": 24,
                "description": "Member Number",
                "position": 24,
                "size": 13
            }
        },
        {
            "name": "int_flag",
            "type": "STRING",
            "nullable": true,
            "metadata": {
                "id": 25,
                "description": "Interest Flag",
                "position": 25,
                "size": 1
            }
        },
        {
            "name": "cap_flag",
            "type": "STRING",
            "nullable": true,
            "metadata": {
                "id": 26,
                "description": "Capitation Flag",
                "position": 26,
                "size": 1
            }
        },
        {
            "name": "chk_typ",
            "type": "STRING",
            "nullable": true,
            "metadata": {
                "id": 27,
                "description": "Check Type",
                "position": 27,
                "size": 1
            }
        },
        {
            "name": "cash_acct_num",
            "type": "STRING",
            "nullable": true,
            "metadata": {
                "id": 28,
                "description": "Cash Account Number",
                "position": 28,
                "size": 4
            }
        },
        {
            "name": "cr_acct_num",
            "type": "STRING",
            "nullable": true,
            "metadata": {
                "id": 29,
                "description": "CR Account Number",
                "position": 29,
                "size": 4
            }
        },
        {
            "name": "chk_acct_num",
            "type": "STRING",
            "nullable": true,
            "metadata": {
                "id": 30,
                "description": "Check Account Number",
                "position": 30,
                "size": 4
            }
        },
        {
            "name": "chk_num",
            "type": "STRING",
            "nullable": true,
            "metadata": {
                "id": 31,
                "description": "Check Number",
                "position": 31,
                "size": 10
            }
        },
        {
            "name": "cash_dt",
            "type": "STRING",
            "nullable": true,
            "metadata": {
                "id": 32,
                "description": "Cash Date",
                "position": 32,
                "size": 8
            }
        },
        {
            "name": "actn_pln",
            "type": "STRING",
            "nullable": true,
            "metadata": {
                "id": 33,
                "description": "Action Plan",
                "position": 33,
                "size": 3
            }
        },
        {
            "name": "clm_num",
            "type": "STRING",
            "nullable": true,
            "metadata": {
                "id": 34,
                "description": "Claim Number",
                "position": 34,
                "size": 16
            }
        },
        {
            "name": "cr_setup_ar",
            "type": "STRING",
            "nullable": true,
            "metadata": {
                "id": 35,
                "description": "CR Setup AR",
                "position": 35,
                "size": 10
            }
        },
        {
            "name": "cr_setup_ar_amt",
            "type": "DOUBLE",
            "nullable": true,
            "metadata": {
                "id": 36,
                "description": "CR Setup AR Amount",
                "position": 36,
                "size": 11
            }
        },
        {
            "name": "bill_int_chk_num",
            "type": "STRING",
            "nullable": true,
            "metadata": {
                "id": 37,
                "description": "Bill Interest Check Number",
                "position": 37,
                "size": 10
            }
        },
        {
            "name": "bill_from_dt",
            "type": "STRING",
            "nullable": true,
            "metadata": {
                "id": 38,
                "description": "Bill From Date",
                "position": 38,
                "size": 8
            }
        },
        {
            "name": "bill_to_dt",
            "type": "STRING",
            "nullable": true,
            "metadata": {
                "id": 39,
                "description": "Bill To Date",
                "position": 39,
                "size": 8
            }
        },
        {
            "name": "nops_num",
            "type": "STRING",
            "nullable": true,
            "metadata": {
                "id": 40,
                "description": "NOPS Number",
                "position": 40,
                "size": 8
            }
        },
        {
            "name": "je_cd",
            "type": "STRING",
            "nullable": true,
            "metadata": {
                "id": 41,
                "description": "JE Code",
                "position": 41,
                "size": 1
            }
        },
        {
            "name": "je_dt",
            "type": "STRING",
            "nullable": true,
            "metadata": {
                "id": 42,
                "description": "JE Date",
                "position": 42,
                "size": 6
            }
        },
        {
            "name": "clm_1099_cd",
            "type": "STRING",
            "nullable": true,
            "metadata": {
                "id": 43,
                "description": "claim 1099 Code",
                "position": 43,
                "size": 1
            }
        },
        {
            "name": "rsn_cd",
            "type": "STRING",
            "nullable": true,
            "metadata": {
                "id": 44,
                "description": "Reason Code",
                "position": 44,
                "size": 3
            }
        },
        {
            "name": "frst_time_sw",
            "type": "STRING",
            "nullable": true,
            "metadata": {
                "id": 45,
                "description": "First Time SW",
                "position": 45,
                "size": 1
            }
        },
        {
            "name": "updt_dt",
            "type": "STRING",
            "nullable": true,
            "metadata": {
                "id": 46,
                "description": "Update Date",
                "position": 46,
                "size": 8
            }
        },
        {
            "name": "rmnng_amt",
            "type": "DOUBLE",
            "nullable": true,
            "metadata": {
                "id": 47,
                "description": "Remaining Amount",
                "position": 47,
                "size": 11
            }
        },
        {
            "name": "chk_issue_dt",
            "type": "STRING",
            "nullable": true,
            "metadata": {
                "id": 48,
                "description": "Check Issue Date",
                "position": 48,
                "size": 8
            }
        },
        {
            "name": "curr_cr_amt",
            "type": "DOUBLE",
            "nullable": true,
            "metadata": {
                "id": 49,
                "description": "Current Credit Amount",
                "position": 49,
                "size": 11
            }
        },
        {
            "name": "tot_cr_amt",
            "type": "DOUBLE",
            "nullable": true,
            "metadata": {
                "id": 50,
                "description": "Total Credit Amount",
                "position": 50,
                "size": 11
            }
        },
        {
            "name": "orig_cntrl_num",
            "type": "STRING",
            "nullable": true,
            "metadata": {
                "id": 51,
                "description": "Original Control Number",
                "position": 51,
                "size": 10
            }
        },
        {
            "name": "actn_cd",
            "type": "STRING",
            "nullable": true,
            "metadata": {
                "id": 52,
                "description": "Action Code",
                "position": 52,
                "size": 3
            }
        },
        {
            "name": "grp_num_1",
            "type": "STRING",
            "nullable": true,
            "metadata": {
                "id": 53,
                "description": "Group Number 1",
                "position": 53,
                "size": 9
            }
        },
        {
            "name": "grp_sect_1",
            "type": "STRING",
            "nullable": true,
            "metadata": {
                "id": 54,
                "description": "Group Section 1",
                "position": 54,
                "size": 4
            }
        },
        {
            "name": "dispos_cd",
            "type": "STRING",
            "nullable": true,
            "metadata": {
                "id": 55,
                "description": "Disposition Code",
                "position": 55,
                "size": 3
            }
        },
        {
            "name": "dispos_dt",
            "type": "STRING",
            "nullable": true,
            "metadata": {
                "id": 56,
                "description": "Disposition Date",
                "position": 56,
                "size": 8
            }
        },
        {
            "name": "dispos_amt",
            "type": "DOUBLE",
            "nullable": true,
            "metadata": {
                "id": 57,
                "description": "Disposition Amount",
                "position": 57,
                "size": 11
            }
        },
        {
            "name": "seq_num",
            "type": "STRING",
            "nullable": true,
            "metadata": {
                "id": 58,
                "description": "Sequence Number",
                "position": 58,
                "size": 6
            }
        },
        {
            "name": "cdu_clk",
            "type": "STRING",
            "nullable": true,
            "metadata": {
                "id": 59,
                "description": "CDU CLK",
                "position": 59,
                "size": 4
            }
        },
        {
            "name": "dispos_rsn_cd",
            "type": "STRING",
            "nullable": true,
            "metadata": {
                "id": 60,
                "description": "Disposition Reason Code",
                "position": 60,
                "size": 3
            }
        },
        {
            "name": "ar_cntrl_num",
            "type": "STRING",
            "nullable": true,
            "metadata": {
                "id": 61,
                "description": "AR Control Number",
                "position": 61,
                "size": 10
            }
        },
        {
            "name": "dispos_actn_pln",
            "type": "STRING",
            "nullable": true,
            "metadata": {
                "id": 62,
                "description": "Disposition Action Plan",
                "position": 62,
                "size": 3
            }
        },
        {
            "name": "dispos_clm_num",
            "type": "STRING",
            "nullable": true,
            "metadata": {
                "id": 63,
                "description": "Disposition Claim Number",
                "position": 63,
                "size": 16
            }
        },
        {
            "name": "ar_orig_amt",
            "type": "DOUBLE",
            "nullable": true,
            "metadata": {
                "id": 64,
                "description": "AR Original Amount",
                "position": 64,
                "size": 11
            }
        },
        {
            "name": "dispos_je_cd",
            "type": "STRING",
            "nullable": true,
            "metadata": {
                "id": 65,
                "description": "Disposition JE Code",
                "position": 65,
                "size": 1
            }
        },
        {
            "name": "dispos_je_dt",
            "type": "STRING",
            "nullable": true,
            "metadata": {
                "id": 66,
                "description": "Disposition JE Date",
                "position": 66,
                "size": 8
            }
        },
        {
            "name": "dispos_src",
            "type": "STRING",
            "nullable": true,
            "metadata": {
                "id": 67,
                "description": "Disposition Source",
                "position": 67,
                "size": 1
            }
        },
        {
            "name": "dispos_sub_pln",
            "type": "STRING",
            "nullable": true,
            "metadata": {
                "id": 68,
                "description": "Disposition Subcriber Plan",
                "position": 68,
                "size": 3
            }
        },
        {
            "name": "dispos_bene_num",
            "type": "STRING",
            "nullable": true,
            "metadata": {
                "id": 69,
                "description": "Disposition BENE Number",
                "position": 69,
                "size": 14
            }
        },
        {
            "name": "dispos_frst_time_sw",
            "type": "STRING",
            "nullable": true,
            "metadata": {
                "id": 70,
                "description": "Disposition First Time SW",
                "position": 70,
                "size": 1
            }
        },
        {
            "name": "dispos_owner_pln",
            "type": "STRING",
            "nullable": true,
            "metadata": {
                "id": 71,
                "description": "Disposition Owner Plan",
                "position": 71,
                "size": 6
            }
        },
        {
            "name": "dispos_grp_superset_cd",
            "type": "STRING",
            "nullable": true,
            "metadata": {
                "id": 72,
                "description": "Disposition Group Superset Code",
                "position": 72,
                "size": 6
            }
        },
        {
            "name": "dispos_grp_groupset_cd",
            "type": "STRING",
            "nullable": true,
            "metadata": {
                "id": 73,
                "description": "Disposition Group Groupset Code",
                "position": 73,
                "size": 6
            }
        },
        {
            "name": "dispos_grp_svc_pln_cd",
            "type": "STRING",
            "nullable": true,
            "metadata": {
                "id": 74,
                "description": "Disposition Group Service Plan Code",
                "position": 74,
                "size": 6
            }
        },
        {
            "name": "dispos_grp_fund_pln_cd",
            "type": "STRING",
            "nullable": true,
            "metadata": {
                "id": 75,
                "description": "Disposition Group Fund Plan Code",
                "position": 75,
                "size": 4
            }
        },
        {
            "name": "dispos_actn_cd",
            "type": "STRING",
            "nullable": true,
            "metadata": {
                "id": 76,
                "description": "Disposition Action Code",
                "position": 76,
                "size": 3
            }
        },
        {
            "name": "cash_dt_trsform",
            "type": "TIMESTAMP",
            "nullable": false,
            "metadata": {
                "id": 77,
                "description": "",
                "position": 0,
                "size": 10
            }
        },
        {
            "name": "bill_from_dt_trsform",
            "type": "TIMESTAMP",
            "nullable": false,
            "metadata": {
                "id": 78,
                "description": "",
                "position": 0,
                "size": 10
            }
        },
        {
            "name": "bill_to_dt_trsform",
            "type": "TIMESTAMP",
            "nullable": false,
            "metadata": {
                "id": 79,
                "description": "",
                "position": 0,
                "size": 10
            }
        },
        {
            "name": "je_dt_trsform",
            "type": "TIMESTAMP",
            "nullable": false,
            "metadata": {
                "id": 80,
                "description": "",
                "position": 0,
                "size": 10
            }
        },
        {
            "name": "updt_dt_trsform",
            "type": "TIMESTAMP",
            "nullable": false,
            "metadata": {
                "id": 81,
                "description": "",
                "position": 0,
                "size": 10
            }
        },
        {
            "name": "chk_issue_dt_trsform",
            "type": "TIMESTAMP",
            "nullable": false,
            "metadata": {
                "id": 82,
                "description": "",
                "position": 0,
                "size": 10
            }
        },
        {
            "name": "dispos_dt_trsform",
            "type": "TIMESTAMP",
            "nullable": false,
            "metadata": {
                "id": 83,
                "description": "",
                "position": 0,
                "size": 10
            }
        },
        {
            "name": "dispos_je_dt_trsform",
            "type": "TIMESTAMP",
            "nullable": false,
            "metadata": {
                "id": 84,
                "description": "",
                "position": 0,
                "size": 10
            }
        },
        {
            "name": "file_nm",
            "type": "STRING",
            "nullable": false,
            "metadata": {
                "id": 85,
                "description": "Data Source File Name",
                "position": 85,
                "size": 50
            }
        },
        {
            "name": "load_timestamp",
            "type": "TIMESTAMP",
            "nullable": false,
            "metadata": {
                "id": 86,
                "description": "Load Timestamp",
                "position": 86,
                "size": 0
            }
        },
        {
            "name": "feed_cycle",
            "type": "STRING",
            "nullable": false,
            "metadata": {
                "id": 87,
                "description": "Weekly Cycle Extracted from File Name",
                "position": 87,
                "size": 8
            }
        },
        {
            "name": "feed_dt",
            "type": "STRING",
            "nullable": false,
            "metadata": {
                "id": 88,
                "description": "Date Extracted from File Name",
                "position": 88,
                "size": 8
            }
        }
    ]
}
