{
    "name": "claim_sas_nasco_check_issue_detail",
    "business_domain": "sas",
    "source_system_code": "nsc",
    "description": "This is Check Issue Detail Record Extract from Nasco. This is received Monthly",
    "file_format": "FIXED",
    "delimiter": "",
    "file_naming_format": "(DEV|TEST|STG|PROD)_NASCO_CHECK_ISSUE_d{8}.txt",
    "partition_keys": [
        "feed_dt"
    ],
    "ingest_type": "MULTIRECORD FILE",
    "multi_record_type_indicator": "D",
    "multi_record_type_indicator_pos": 21,
    "raw_schema": [
        {
            "name": "key_counter",
            "type": "STRING",
            "nullable": true,
            "metadata": {
                "id": 1,
                "description": "Key Counter",
                "position": 1,
                "size": 9
            }
        },
        {
            "name": "check_number",
            "type": "STRING",
            "nullable": true,
            "metadata": {
                "id": 2,
                "description": "Check Number",
                "position": 10,
                "size": 11
            }
        },
        {
            "name": "record_type",
            "type": "STRING",
            "nullable": true,
            "metadata": {
                "id": 3,
                "description": "Record Type",
                "position": 21,
                "size": 1
            }
        },
        {
            "name": "record_id",
            "type": "STRING",
            "nullable": true,
            "metadata": {
                "id": 4,
                "description": "Record ID",
                "position": 22,
                "size": 6
            }
        },
        {
            "name": "route_code",
            "type": "STRING",
            "nullable": true,
            "metadata": {
                "id": 5,
                "description": "Route Code",
                "position": 28,
                "size": 9
            }
        },
        {
            "name": "account_number",
            "type": "STRING",
            "nullable": true,
            "metadata": {
                "id": 6,
                "description": "Account Number",
                "position": 37,
                "size": 15
            }
        },
        {
            "name": "disbursement_amount",
            "type": "LONG",
            "nullable": true,
            "metadata": {
                "id": 7,
                "description": "Disbursement Amount",
                "position": 52,
                "size": 11
            }
        },
        {
            "name": "check_issue_date",
            "type": "STRING",
            "nullable": true,
            "metadata": {
                "id": 8,
                "description": "Check Issue Date",
                "position": 63,
                "size": 6
            }
        },
        {
            "name": "master_code",
            "type": "STRING",
            "nullable": true,
            "metadata": {
                "id": 9,
                "description": "Master Code",
                "position": 69,
                "size": 1
            }
        },
        {
            "name": "master_status",
            "type": "STRING",
            "nullable": true,
            "metadata": {
                "id": 10,
                "description": "Master Status",
                "position": 70,
                "size": 2
            }
        },
        {
            "name": "fund_record_count",
            "type": "INTEGER",
            "nullable": true,
            "metadata": {
                "id": 11,
                "description": "Funding Record Count",
                "position": 72,
                "size": 3
            }
        },
        {
            "name": "effective_date",
            "type": "STRING",
            "nullable": true,
            "metadata": {
                "id": 12,
                "description": "Effective Date",
                "position": 75,
                "size": 6
            }
        },
        {
            "name": "check_type",
            "type": "STRING",
            "nullable": true,
            "metadata": {
                "id": 13,
                "description": "Check Type",
                "position": 81,
                "size": 1
            }
        }
    ],
    "curate_schema": [
        {
            "name": "key_countr",
            "type": "STRING",
            "nullable": true,
            "metadata": {
                "id": 1,
                "description": "Key Counter",
                "position": 1,
                "size": 9
            }
        },
        {
            "name": "chk_num",
            "type": "STRING",
            "nullable": true,
            "metadata": {
                "id": 2,
                "description": "Check Number",
                "position": 10,
                "size": 11
            }
        },
        {
            "name": "rcrd_typ",
            "type": "STRING",
            "nullable": true,
            "metadata": {
                "id": 3,
                "description": "Record Type",
                "position": 21,
                "size": 1
            }
        },
        {
            "name": "rcrd_id",
            "type": "STRING",
            "nullable": true,
            "metadata": {
                "id": 4,
                "description": "Record ID",
                "position": 22,
                "size": 6
            }
        },
        {
            "name": "route_cd",
            "type": "STRING",
            "nullable": true,
            "metadata": {
                "id": 5,
                "description": "Route Code",
                "position": 28,
                "size": 9
            }
        },
        {
            "name": "acct_num",
            "type": "STRING",
            "nullable": true,
            "metadata": {
                "id": 6,
                "description": "Account Number",
                "position": 37,
                "size": 15
            }
        },
        {
            "name": "disbmt_amt",
            "type": "DOUBLE",
            "nullable": true,
            "metadata": {
                "id": 7,
                "description": "Disbursement Amount",
                "position": 52,
                "size": 11
            }
        },
        {
            "name": "chk_issue_dt",
            "type": "TIMESTAMP",
            "nullable": true,
            "metadata": {
                "id": 8,
                "description": "Check Issue Date",
                "position": 63,
                "size": 8
            }
        },
        {
            "name": "master_cd",
            "type": "STRING",
            "nullable": true,
            "metadata": {
                "id": 9,
                "description": "Master Code",
                "position": 69,
                "size": 1
            }
        },
        {
            "name": "master_stat",
            "type": "STRING",
            "nullable": true,
            "metadata": {
                "id": 10,
                "description": "Master Status",
                "position": 70,
                "size": 2
            }
        },
        {
            "name": "fund_rcrd_count",
            "type": "INTEGER",
            "nullable": true,
            "metadata": {
                "id": 11,
                "description": "Funding Record Count",
                "position": 72,
                "size": 3
            }
        },
        {
            "name": "eff_dt",
            "type": "TIMESTAMP",
            "nullable": true,
            "metadata": {
                "id": 12,
                "description": "Effective Date",
                "position": 75,
                "size": 8
            }
        },
        {
            "name": "chk_typ",
            "type": "STRING",
            "nullable": true,
            "metadata": {
                "id": 13,
                "description": "Check Type",
                "position": 81,
                "size": 1
            }
        },
        {
            "name": "file_nm",
            "type": "STRING",
            "nullable": false,
            "metadata": {
                "id": 14,
                "description": "Data Source File Name",
                "position": 0,
                "size": 50
            }
        },
        {
            "name": "load_timestamp",
            "type": "TIMESTAMP",
            "nullable": false,
            "metadata": {
                "id": 15,
                "description": "Load Timestamp",
                "position": 0,
                "size": 0
            }
        },
        {
            "name": "feed_dt",
            "type": "STRING",
            "nullable": false,
            "metadata": {
                "id": 16,
                "description": "Date Extracted from File Name",
                "position": 0,
                "size": 8
            }
        }
    ]
}
