{
    "name": "claim_sas_nasco_monthly_cash_ar",
    "business_domain": "sas",
    "source_system_code": "nsc",
    "description": "This is Cash AR Record Extract from Nasco. This is received Monthly",
    "file_format": "DELIMITED",
    "delimiter": "|",
    "file_naming_format": "(DEV|TEST|STG|PROD)_NASCO_MONTHLY_CASH_AR_d{8}.txt",
    "partition_keys": ["feed_cycle","feed_dt"],
    "ingest_type": "FILE",
    "multi_record_type_indicator": "",
    "multi_record_type_indicator_pos": "",
    "raw_schema": [
        {
            "name": "control_plan_number",
            "type": "STRING",
            "nullable": true,
            "metadata": {
                "id": 1,
                "description": "Control Plan Number",
                "position": 1,
                "size": 3
            }
        },
        {
            "name": "customer_number",
            "type": "STRING",
            "nullable": true,
            "metadata": {
                "id": 2,
                "description": "Customer Number or Owner Plan Number",
                "position": 2,
                "size": 3
            }
        },
        {
            "name": "file_code",
            "type": "STRING",
            "nullable": true,
            "metadata": {
                "id": 3,
                "description": "File Code",
                "position": 3,
                "size": 2
            }
        },
        {
            "name": "control_number",
            "type": "STRING",
            "nullable": true,
            "metadata": {
                "id": 4,
                "description": "Control Number",
                "position": 4,
                "size": 10
            }
        },
        {
            "name": "record_code",
            "type": "STRING",
            "nullable": true,
            "metadata": {
                "id": 5,
                "description": "Record Code",
                "position": 5,
                "size": 3
            }
        },
        {
            "name": "ar_type",
            "type": "STRING",
            "nullable": true,
            "metadata": {
                "id": 6,
                "description": "AR Type",
                "position": 6,
                "size": 3
            }
        },
        {
            "name": "original_amount",
            "type": "DOUBLE",
            "nullable": true,
            "metadata": {
                "id": 7,
                "description": "Original Amount",
                "position": 7,
                "size": 11
            }
        },
        {
            "name": "group_superset_code",
            "type": "STRING",
            "nullable": true,
            "metadata": {
                "id": 8,
                "description": "Group Superset Code",
                "position": 8,
                "size": 6
            }
        },
        {
            "name": "group_groupset_code",
            "type": "STRING",
            "nullable": true,
            "metadata": {
                "id": 9,
                "description": "Group Groupset Code",
                "position": 9,
                "size": 6
            }
        },
        {
            "name": "group_service_plan_code",
            "type": "STRING",
            "nullable": true,
            "metadata": {
                "id": 10,
                "description": "Group Service Plan Code",
                "position": 10,
                "size": 6
            }
        },
        {
            "name": "group_fund_plan_code",
            "type": "STRING",
            "nullable": true,
            "metadata": {
                "id": 11,
                "description": "Group Fund Plan Code",
                "position": 11,
                "size": 4
            }
        },
        {
            "name": "provider_name",
            "type": "STRING",
            "nullable": true,
            "metadata": {
                "id": 12,
                "description": "Provider Name",
                "position": 12,
                "size": 20
            }
        },
        {
            "name": "program_code",
            "type": "STRING",
            "nullable": true,
            "metadata": {
                "id": 13,
                "description": "Program Code",
                "position": 13,
                "size": 3
            }
        },
        {
            "name": "clerk_number",
            "type": "STRING",
            "nullable": true,
            "metadata": {
                "id": 14,
                "description": "Clerk Number",
                "position": 14,
                "size": 4
            }
        },
        {
            "name": "payee_id_type",
            "type": "STRING",
            "nullable": true,
            "metadata": {
                "id": 15,
                "description": "Payee ID Type",
                "position": 15,
                "size": 1
            }
        },
        {
            "name": "provider_plan_code",
            "type": "STRING",
            "nullable": true,
            "metadata": {
                "id": 16,
                "description": "Provider Plan Code",
                "position": 16,
                "size": 4
            }
        },
        {
            "name": "provider_lob",
            "type": "STRING",
            "nullable": true,
            "metadata": {
                "id": 17,
                "description": "Provider Line Of Business",
                "position": 17,
                "size": 1
            }
        },
        {
            "name": "provider_number",
            "type": "STRING",
            "nullable": true,
            "metadata": {
                "id": 18,
                "description": "Provider Number",
                "position": 18,
                "size": 10
            }
        },
        {
            "name": "group_subscriber_plan",
            "type": "STRING",
            "nullable": true,
            "metadata": {
                "id": 19,
                "description": "Group Subscriber Plan",
                "position": 19,
                "size": 3
            }
        },
        {
            "name": "group_number",
            "type": "STRING",
            "nullable": true,
            "metadata": {
                "id": 20,
                "description": "Group Number",
                "position": 20,
                "size": 9
            }
        },
        {
            "name": "section_number",
            "type": "STRING",
            "nullable": true,
            "metadata": {
                "id": 21,
                "description": "Section Number",
                "position": 21,
                "size": 4
            }
        },
        {
            "name": "member_subscriber_plan",
            "type": "STRING",
            "nullable": true,
            "metadata": {
                "id": 22,
                "description": "Member Subscriber Plan",
                "position": 22,
                "size": 3
            }
        },
        {
            "name": "member_number",
            "type": "STRING",
            "nullable": true,
            "metadata": {
                "id": 23,
                "description": "Member Number",
                "position": 23,
                "size": 13
            }
        },
        {
            "name": "bill_from_date",
            "type": "STRING",
            "nullable": true,
            "metadata": {
                "id": 24,
                "description": "Bill From Date",
                "position": 24,
                "size": 8
            }
        },
        {
            "name": "bill_to_date",
            "type": "STRING",
            "nullable": true,
            "metadata": {
                "id": 25,
                "description": "Bill To Date",
                "position": 25,
                "size": 8
            }
        },
        {
            "name": "vendor_number",
            "type": "STRING",
            "nullable": true,
            "metadata": {
                "id": 26,
                "description": "Vendor Number",
                "position": 26,
                "size": 5
            }
        },
        {
            "name": "plan_number",
            "type": "STRING",
            "nullable": true,
            "metadata": {
                "id": 27,
                "description": "Plan Number",
                "position": 27,
                "size": 4
            }
        },
        {
            "name": "check_account_number",
            "type": "STRING",
            "nullable": true,
            "metadata": {
                "id": 28,
                "description": "Check Account Number",
                "position": 28,
                "size": 4
            }
        },
        {
            "name": "check_number",
            "type": "STRING",
            "nullable": true,
            "metadata": {
                "id": 29,
                "description": "Check Number",
                "position": 29,
                "size": 10
            }
        },
        {
            "name": "check_date",
            "type": "STRING",
            "nullable": true,
            "metadata": {
                "id": 30,
                "description": "Check Date",
                "position": 30,
                "size": 8
            }
        },
        {
            "name": "contract_date",
            "type": "STRING",
            "nullable": true,
            "metadata": {
                "id": 31,
                "description": "Contract Date",
                "position": 31,
                "size": 8
            }
        },
        {
            "name": "setup_date",
            "type": "STRING",
            "nullable": true,
            "metadata": {
                "id": 32,
                "description": "Setup Date",
                "position": 32,
                "size": 8
            }
        },
        {
            "name": "entry_date",
            "type": "STRING",
            "nullable": true,
            "metadata": {
                "id": 33,
                "description": "Entry Date",
                "position": 33,
                "size": 8
            }
        },
        {
            "name": "action_plan",
            "type": "STRING",
            "nullable": true,
            "metadata": {
                "id": 34,
                "description": "Action Plan",
                "position": 34,
                "size": 3
            }
        },
        {
            "name": "claim_number",
            "type": "STRING",
            "nullable": true,
            "metadata": {
                "id": 35,
                "description": "Claim Number",
                "position": 35,
                "size": 16
            }
        },
        {
            "name": "interest_flag",
            "type": "STRING",
            "nullable": true,
            "metadata": {
                "id": 36,
                "description": "Interest Flag",
                "position": 36,
                "size": 1
            }
        },
        {
            "name": "capitation_flag",
            "type": "STRING",
            "nullable": true,
            "metadata": {
                "id": 37,
                "description": "Capitation Flag",
                "position": 37,
                "size": 1
            }
        },
        {
            "name": "reason_code",
            "type": "STRING",
            "nullable": true,
            "metadata": {
                "id": 38,
                "description": "Reason Code",
                "position": 38,
                "size": 3
            }
        },
        {
            "name": "department_code",
            "type": "STRING",
            "nullable": true,
            "metadata": {
                "id": 39,
                "description": "Department Code",
                "position": 39,
                "size": 2
            }
        },
        {
            "name": "recovery_type",
            "type": "STRING",
            "nullable": true,
            "metadata": {
                "id": 40,
                "description": "Recovery Type",
                "position": 40,
                "size": 2
            }
        },
        {
            "name": "ar_setup_century",
            "type": "STRING",
            "nullable": true,
            "metadata": {
                "id": 41,
                "description": "AR Setup Century",
                "position": 41,
                "size": 2
            }
        },
        {
            "name": "remaining_amount",
            "type": "DOUBLE",
            "nullable": true,
            "metadata": {
                "id": 42,
                "description": "Remaining Amount",
                "position": 42,
                "size": 11
            }
        },
        {
            "name": "claim_1099_code",
            "type": "STRING",
            "nullable": true,
            "metadata": {
                "id": 43,
                "description": "Claim 1099 Code",
                "position": 43,
                "size": 1
            }
        },
        {
            "name": "je_code",
            "type": "STRING",
            "nullable": true,
            "metadata": {
                "id": 44,
                "description": "JE Code",
                "position": 44,
                "size": 1
            }
        },
        {
            "name": "je1_date",
            "type": "STRING",
            "nullable": true,
            "metadata": {
                "id": 45,
                "description": "JE Date",
                "position": 45,
                "size": 8
            }
        },
        {
            "name": "percent_divert",
            "type": "DOUBLE",
            "nullable": true,
            "metadata": {
                "id": 46,
                "description": "Percent Divert",
                "position": 46,
                "size": 5
            }
        },
        {
            "name": "group_section_subscriber_plan",
            "type": "STRING",
            "nullable": true,
            "metadata": {
                "id": 47,
                "description": "Group Section Subscriber Plan",
                "position": 47,
                "size": 3
            }
        },
        {
            "name": "group_number_1",
            "type": "STRING",
            "nullable": true,
            "metadata": {
                "id": 48,
                "description": "Group Number 1",
                "position": 48,
                "size": 9
            }
        },
        {
            "name": "section_number_1",
            "type": "STRING",
            "nullable": true,
            "metadata": {
                "id": 49,
                "description": "Section Number 1",
                "position": 49,
                "size": 4
            }
        },
        {
            "name": "provider_tax_id",
            "type": "STRING",
            "nullable": true,
            "metadata": {
                "id": 50,
                "description": "Provider Tax ID",
                "position": 50,
                "size": 9
            }
        },
        {
            "name": "claim_amount",
            "type": "DOUBLE",
            "nullable": true,
            "metadata": {
                "id": 51,
                "description": "Claim Amount",
                "position": 51,
                "size": 11
            }
        },
        {
            "name": "ipdr_lob",
            "type": "STRING",
            "nullable": true,
            "metadata": {
                "id": 52,
                "description": "IPDR Line Of Business",
                "position": 52,
                "size": 1
            }
        },
        {
            "name": "provider_number_reference",
            "type": "STRING",
            "nullable": true,
            "metadata": {
                "id": 53,
                "description": "Provider Number Reference",
                "position": 53,
                "size": 10
            }
        },
        {
            "name": "subscriber_name",
            "type": "STRING",
            "nullable": true,
            "metadata": {
                "id": 54,
                "description": "Subscriber Name",
                "position": 54,
                "size": 14
            }
        },
        {
            "name": "patient_account_number",
            "type": "STRING",
            "nullable": true,
            "metadata": {
                "id": 55,
                "description": "Patient Account Number",
                "position": 55,
                "size": 17
            }
        },
        {
            "name": "patient_name",
            "type": "STRING",
            "nullable": true,
            "metadata": {
                "id": 56,
                "description": "Patient Name",
                "position": 56,
                "size": 14
            }
        },
        {
            "name": "update_date",
            "type": "STRING",
            "nullable": true,
            "metadata": {
                "id": 57,
                "description": "Update Date",
                "position": 57,
                "size": 8
            }
        },
        {
            "name": "provider_indicator",
            "type": "STRING",
            "nullable": true,
            "metadata": {
                "id": 58,
                "description": "Provider Indicator",
                "position": 58,
                "size": 1
            }
        },
        {
            "name": "lob",
            "type": "STRING",
            "nullable": true,
            "metadata": {
                "id": 59,
                "description": "Line Of Business",
                "position": 59,
                "size": 1
            }
        },
        {
            "name": "weekly",
            "type": "STRING",
            "nullable": true,
            "metadata": {
                "id": 60,
                "description": "Weekly",
                "position": 60,
                "size": 1
            }
        },
        {
            "name": "report_switch",
            "type": "STRING",
            "nullable": true,
            "metadata": {
                "id": 61,
                "description": "Report Switch",
                "position": 61,
                "size": 1
            }
        },
        {
            "name": "bulk_ar_indicator",
            "type": "STRING",
            "nullable": true,
            "metadata": {
                "id": 62,
                "description": "Bulk AR Indicator",
                "position": 62,
                "size": 1
            }
        },
        {
            "name": "action_code",
            "type": "STRING",
            "nullable": true,
            "metadata": {
                "id": 63,
                "description": "Action Code",
                "position": 63,
                "size": 3
            }
        },
        {
            "name": "ar_group_base",
            "type": "STRING",
            "nullable": true,
            "metadata": {
                "id": 64,
                "description": "AR Group Base",
                "position": 64,
                "size": 9
            }
        },
        {
            "name": "ar_group_section",
            "type": "STRING",
            "nullable": true,
            "metadata": {
                "id": 65,
                "description": "AR Group Section",
                "position": 65,
                "size": 4
            }
        },
        {
            "name": "par_non_par_code",
            "type": "STRING",
            "nullable": true,
            "metadata": {
                "id": 66,
                "description": "Par Non-Par Code",
                "position": 66,
                "size": 2
            }
        },
        {
            "name": "pay_adjustment_code",
            "type": "STRING",
            "nullable": true,
            "metadata": {
                "id": 67,
                "description": "Pay Adjustment Code",
                "position": 67,
                "size": 3
            }
        },
        {
            "name": "disposition_amount",
            "type": "DOUBLE",
            "nullable": true,
            "metadata": {
                "id": 68,
                "description": "Disposition Amount",
                "position": 68,
                "size": 11
            }
        },
        {
            "name": "disposition_date",
            "type": "STRING",
            "nullable": true,
            "metadata": {
                "id": 69,
                "description": "Disposition Date",
                "position": 69,
                "size": 8
            }
        },
        {
            "name": "disposition_clerk_number",
            "type": "STRING",
            "nullable": true,
            "metadata": {
                "id": 70,
                "description": "Disposition Clerk Number",
                "position": 70,
                "size": 4
            }
        },
        {
            "name": "cr_control_number",
            "type": "STRING",
            "nullable": true,
            "metadata": {
                "id": 71,
                "description": "CR Control Number",
                "position": 71,
                "size": 10
            }
        },
        {
            "name": "disposition_action_plan",
            "type": "STRING",
            "nullable": true,
            "metadata": {
                "id": 72,
                "description": "Dispostion Action Plan",
                "position": 72,
                "size": 3
            }
        },
        {
            "name": "disposition_claim_number",
            "type": "STRING",
            "nullable": true,
            "metadata": {
                "id": 73,
                "description": "Dispostion Claim Number",
                "position": 73,
                "size": 16
            }
        },
        {
            "name": "disposition_subscriber_plan",
            "type": "STRING",
            "nullable": true,
            "metadata": {
                "id": 74,
                "description": "Disposition Subscriber Plan",
                "position": 74,
                "size": 3
            }
        },
        {
            "name": "disposition_member_number",
            "type": "STRING",
            "nullable": true,
            "metadata": {
                "id": 75,
                "description": "Disposition Member Number",
                "position": 75,
                "size": 14
            }
        },
        {
            "name": "disposition_reason_code",
            "type": "STRING",
            "nullable": true,
            "metadata": {
                "id": 76,
                "description": "Disposition Reason Code",
                "position": 76,
                "size": 3
            }
        },
        {
            "name": "disposition_1099_code",
            "type": "STRING",
            "nullable": true,
            "metadata": {
                "id": 77,
                "description": "Disposition 1099 Code",
                "position": 77,
                "size": 1
            }
        },
        {
            "name": "disposition_je_code",
            "type": "STRING",
            "nullable": true,
            "metadata": {
                "id": 78,
                "description": "Disposition JE Code",
                "position": 78,
                "size": 1
            }
        },
        {
            "name": "disposition_je_date",
            "type": "STRING",
            "nullable": true,
            "metadata": {
                "id": 79,
                "description": "Disposition JE Date",
                "position": 79,
                "size": 8
            }
        },
        {
            "name": "disposition_source",
            "type": "STRING",
            "nullable": true,
            "metadata": {
                "id": 80,
                "description": "Disposition Source",
                "position": 80,
                "size": 1
            }
        },
        {
            "name": "disposition_ar_type",
            "type": "STRING",
            "nullable": true,
            "metadata": {
                "id": 81,
                "description": "Disposition AR Type",
                "position": 81,
                "size": 3
            }
        },
        {
            "name": "disposition_owner_plan",
            "type": "STRING",
            "nullable": true,
            "metadata": {
                "id": 82,
                "description": "Disposition Owner Plan",
                "position": 82,
                "size": 6
            }
        },
        {
            "name": "disposition_group_superset_code",
            "type": "STRING",
            "nullable": true,
            "metadata": {
                "id": 83,
                "description": "Disposition Group Superset Code",
                "position": 83,
                "size": 6
            }
        },
        {
            "name": "disposition_group_groupset_code",
            "type": "STRING",
            "nullable": true,
            "metadata": {
                "id": 84,
                "description": "Disposition Group Groupset Code",
                "position": 84,
                "size": 6
            }
        },
        {
            "name": "disposition_group_service_plan_code",
            "type": "STRING",
            "nullable": true,
            "metadata": {
                "id": 85,
                "description": "Disposition Group Service Plan Code",
                "position": 85,
                "size": 6
            }
        },
        {
            "name": "disposition_group_fund_plan_code",
            "type": "STRING",
            "nullable": true,
            "metadata": {
                "id": 86,
                "description": "Disposition Group Fund Plan Code",
                "position": 86,
                "size": 4
            }
        },
        {
            "name": "disposition_action_code",
            "type": "STRING",
            "nullable": true,
            "metadata": {
                "id": 87,
                "description": "Disposition Action Code",
                "position": 87,
                "size": 3
            }
        }
    ],
    "curate_schema": [
        {
            "name": "cntrl_pln_num",
            "type": "STRING",
            "nullable": true,
            "metadata": {
                "id": 1,
                "description": "Control Plan Number",
                "position": 1,
                "size": 3
            }
        },
        {
            "name": "cust_num",
            "type": "STRING",
            "nullable": true,
            "metadata": {
                "id": 2,
                "description": "Customer Number or Owner Plan Number",
                "position": 2,
                "size": 3
            }
        },
        {
            "name": "file_cd",
            "type": "STRING",
            "nullable": true,
            "metadata": {
                "id": 3,
                "description": "File Code",
                "position": 3,
                "size": 2
            }
        },
        {
            "name": "cntrl_num",
            "type": "STRING",
            "nullable": true,
            "metadata": {
                "id": 4,
                "description": "Control Number",
                "position": 4,
                "size": 10
            }
        },
        {
            "name": "rcrd_cd",
            "type": "STRING",
            "nullable": true,
            "metadata": {
                "id": 5,
                "description": "Record Code",
                "position": 5,
                "size": 3
            }
        },
        {
            "name": "ar_typ",
            "type": "STRING",
            "nullable": true,
            "metadata": {
                "id": 6,
                "description": "AR Type",
                "position": 6,
                "size": 3
            }
        },
        {
            "name": "orig_amt",
            "type": "DOUBLE",
            "nullable": true,
            "metadata": {
                "id": 7,
                "description": "Original Amount",
                "position": 7,
                "size": 11
            }
        },
        {
            "name": "grp_superset_cd",
            "type": "STRING",
            "nullable": true,
            "metadata": {
                "id": 8,
                "description": "Group Superset Code",
                "position": 8,
                "size": 6
            }
        },
        {
            "name": "grp_groupset_cd",
            "type": "STRING",
            "nullable": true,
            "metadata": {
                "id": 9,
                "description": "Group Groupset Code",
                "position": 9,
                "size": 6
            }
        },
        {
            "name": "grp_svc_pln_cd",
            "type": "STRING",
            "nullable": true,
            "metadata": {
                "id": 10,
                "description": "Group Service Plan Code",
                "position": 10,
                "size": 6
            }
        },
        {
            "name": "grp_fund_pln_cd",
            "type": "STRING",
            "nullable": true,
            "metadata": {
                "id": 11,
                "description": "Group Fund Plan Code",
                "position": 11,
                "size": 4
            }
        },
        {
            "name": "prov_nm",
            "type": "STRING",
            "nullable": true,
            "metadata": {
                "id": 12,
                "description": "Provider Name",
                "position": 12,
                "size": 20
            }
        },
        {
            "name": "prgrm_cd",
            "type": "STRING",
            "nullable": true,
            "metadata": {
                "id": 13,
                "description": "Program Code",
                "position": 13,
                "size": 3
            }
        },
        {
            "name": "clerk_num",
            "type": "STRING",
            "nullable": true,
            "metadata": {
                "id": 14,
                "description": "Clerk Number",
                "position": 14,
                "size": 4
            }
        },
        {
            "name": "payee_id_typ",
            "type": "STRING",
            "nullable": true,
            "metadata": {
                "id": 15,
                "description": "Payee ID Type",
                "position": 15,
                "size": 1
            }
        },
        {
            "name": "prov_pln_cd",
            "type": "STRING",
            "nullable": true,
            "metadata": {
                "id": 16,
                "description": "Provider Plan Code",
                "position": 16,
                "size": 4
            }
        },
        {
            "name": "prov_lob",
            "type": "STRING",
            "nullable": true,
            "metadata": {
                "id": 17,
                "description": "Provider Line Of Business",
                "position": 17,
                "size": 1
            }
        },
        {
            "name": "prov_num",
            "type": "STRING",
            "nullable": true,
            "metadata": {
                "id": 18,
                "description": "Provider Number",
                "position": 18,
                "size": 10
            }
        },
        {
            "name": "grp_sub_pln",
            "type": "STRING",
            "nullable": true,
            "metadata": {
                "id": 19,
                "description": "Group Subscriber Plan",
                "position": 19,
                "size": 3
            }
        },
        {
            "name": "grp_num",
            "type": "STRING",
            "nullable": true,
            "metadata": {
                "id": 20,
                "description": "Group Number",
                "position": 20,
                "size": 9
            }
        },
        {
            "name": "sect_num",
            "type": "STRING",
            "nullable": true,
            "metadata": {
                "id": 21,
                "description": "Section Number",
                "position": 21,
                "size": 4
            }
        },
        {
            "name": "mem_sub_pln",
            "type": "STRING",
            "nullable": true,
            "metadata": {
                "id": 22,
                "description": "Member Subscriber Plan",
                "position": 22,
                "size": 3
            }
        },
        {
            "name": "mem_num",
            "type": "STRING",
            "nullable": true,
            "metadata": {
                "id": 23,
                "description": "Member Number",
                "position": 23,
                "size": 13
            }
        },
        {
            "name": "bill_from_dt",
            "type": "STRING",
            "nullable": true,
            "metadata": {
                "id": 24,
                "description": "Bill From Date",
                "position": 24,
                "size": 8
            }
        },
        {
            "name": "bill_to_dt",
            "type": "STRING",
            "nullable": true,
            "metadata": {
                "id": 25,
                "description": "Bill To Date",
                "position": 25,
                "size": 8
            }
        },
        {
            "name": "vndr_num",
            "type": "STRING",
            "nullable": true,
            "metadata": {
                "id": 26,
                "description": "Vendor Number",
                "position": 26,
                "size": 5
            }
        },
        {
            "name": "pln_num",
            "type": "STRING",
            "nullable": true,
            "metadata": {
                "id": 27,
                "description": "Plan Number",
                "position": 27,
                "size": 4
            }
        },
        {
            "name": "chk_acct_num",
            "type": "STRING",
            "nullable": true,
            "metadata": {
                "id": 28,
                "description": "Check Account Number",
                "position": 28,
                "size": 4
            }
        },
        {
            "name": "chk_num",
            "type": "STRING",
            "nullable": true,
            "metadata": {
                "id": 29,
                "description": "Check Number",
                "position": 29,
                "size": 10
            }
        },
        {
            "name": "chk_dt",
            "type": "STRING",
            "nullable": true,
            "metadata": {
                "id": 30,
                "description": "Check Date",
                "position": 30,
                "size": 8
            }
        },
        {
            "name": "cntrct_dt",
            "type": "STRING",
            "nullable": true,
            "metadata": {
                "id": 31,
                "description": "Contract Date",
                "position": 31,
                "size": 8
            }
        },
        {
            "name": "setup_dt",
            "type": "STRING",
            "nullable": true,
            "metadata": {
                "id": 32,
                "description": "Setup Date",
                "position": 32,
                "size": 8
            }
        },
        {
            "name": "entry_dt",
            "type": "STRING",
            "nullable": true,
            "metadata": {
                "id": 33,
                "description": "Entry Date",
                "position": 33,
                "size": 8
            }
        },
        {
            "name": "actn_pln",
            "type": "STRING",
            "nullable": true,
            "metadata": {
                "id": 34,
                "description": "Action Plan",
                "position": 34,
                "size": 3
            }
        },
        {
            "name": "clm_num",
            "type": "STRING",
            "nullable": true,
            "metadata": {
                "id": 35,
                "description": "Claim Number",
                "position": 35,
                "size": 16
            }
        },
        {
            "name": "int_flag",
            "type": "STRING",
            "nullable": true,
            "metadata": {
                "id": 36,
                "description": "Interest Flag",
                "position": 36,
                "size": 1
            }
        },
        {
            "name": "cap_flag",
            "type": "STRING",
            "nullable": true,
            "metadata": {
                "id": 37,
                "description": "Capitation Flag",
                "position": 37,
                "size": 1
            }
        },
        {
            "name": "rsn_cd",
            "type": "STRING",
            "nullable": true,
            "metadata": {
                "id": 38,
                "description": "Reason Code",
                "position": 38,
                "size": 3
            }
        },
        {
            "name": "dept_cd",
            "type": "STRING",
            "nullable": true,
            "metadata": {
                "id": 39,
                "description": "Department Code",
                "position": 39,
                "size": 2
            }
        },
        {
            "name": "recovery_typ",
            "type": "STRING",
            "nullable": true,
            "metadata": {
                "id": 40,
                "description": "Recovery Type",
                "position": 40,
                "size": 2
            }
        },
        {
            "name": "ar_setup_cntury",
            "type": "STRING",
            "nullable": true,
            "metadata": {
                "id": 41,
                "description": "AR Setup Century",
                "position": 41,
                "size": 2
            }
        },
        {
            "name": "rmnng_amt",
            "type": "DOUBLE",
            "nullable": true,
            "metadata": {
                "id": 42,
                "description": "Remaining Amount",
                "position": 42,
                "size": 11
            }
        },
        {
            "name": "clm_1099_cd",
            "type": "STRING",
            "nullable": true,
            "metadata": {
                "id": 43,
                "description": "Claim 1099 Code",
                "position": 43,
                "size": 1
            }
        },
        {
            "name": "je_cd",
            "type": "STRING",
            "nullable": true,
            "metadata": {
                "id": 44,
                "description": "JE Code",
                "position": 44,
                "size": 1
            }
        },
        {
            "name": "je_dt",
            "type": "STRING",
            "nullable": true,
            "metadata": {
                "id": 45,
                "description": "JE Date",
                "position": 45,
                "size": 8
            }
        },
        {
            "name": "pct_divert",
            "type": "DOUBLE",
            "nullable": true,
            "metadata": {
                "id": 46,
                "description": "Percent Divert",
                "position": 46,
                "size": 5
            }
        },
        {
            "name": "grp_sect_sub_pln",
            "type": "STRING",
            "nullable": true,
            "metadata": {
                "id": 47,
                "description": "Group Section Subscriber Plan",
                "position": 47,
                "size": 3
            }
        },
        {
            "name": "grp_num_1",
            "type": "STRING",
            "nullable": true,
            "metadata": {
                "id": 48,
                "description": "Group Number 1",
                "position": 48,
                "size": 9
            }
        },
        {
            "name": "sect_num_1",
            "type": "STRING",
            "nullable": true,
            "metadata": {
                "id": 49,
                "description": "Section Number 1",
                "position": 49,
                "size": 4
            }
        },
        {
            "name": "prov_tax_id",
            "type": "STRING",
            "nullable": true,
            "metadata": {
                "id": 50,
                "description": "Provider Tax ID",
                "position": 50,
                "size": 9
            }
        },
        {
            "name": "clm_amt",
            "type": "DOUBLE",
            "nullable": true,
            "metadata": {
                "id": 51,
                "description": "Claim Amount",
                "position": 51,
                "size": 11
            }
        },
        {
            "name": "ipdr_lob",
            "type": "STRING",
            "nullable": true,
            "metadata": {
                "id": 52,
                "description": "IPDR Line Of Business",
                "position": 52,
                "size": 1
            }
        },
        {
            "name": "prov_num_ref",
            "type": "STRING",
            "nullable": true,
            "metadata": {
                "id": 53,
                "description": "Provider Number Reference",
                "position": 53,
                "size": 10
            }
        },
        {
            "name": "sub_nm",
            "type": "STRING",
            "nullable": true,
            "metadata": {
                "id": 54,
                "description": "Subscriber Name",
                "position": 54,
                "size": 14
            }
        },
        {
            "name": "pt_acct_num",
            "type": "STRING",
            "nullable": true,
            "metadata": {
                "id": 55,
                "description": "Patient Account Number",
                "position": 55,
                "size": 17
            }
        },
        {
            "name": "pt_nm",
            "type": "STRING",
            "nullable": true,
            "metadata": {
                "id": 56,
                "description": "Patient Name",
                "position": 56,
                "size": 14
            }
        },
        {
            "name": "updt_dt",
            "type": "STRING",
            "nullable": true,
            "metadata": {
                "id": 57,
                "description": "Update Date",
                "position": 57,
                "size": 8
            }
        },
        {
            "name": "prov_ind",
            "type": "STRING",
            "nullable": true,
            "metadata": {
                "id": 58,
                "description": "Provider Indicator",
                "position": 58,
                "size": 1
            }
        },
        {
            "name": "lob",
            "type": "STRING",
            "nullable": true,
            "metadata": {
                "id": 59,
                "description": "Line Of Business",
                "position": 59,
                "size": 1
            }
        },
        {
            "name": "weekly",
            "type": "STRING",
            "nullable": true,
            "metadata": {
                "id": 60,
                "description": "Weekly",
                "position": 60,
                "size": 1
            }
        },
        {
            "name": "rprt_sw",
            "type": "STRING",
            "nullable": true,
            "metadata": {
                "id": 61,
                "description": "Report Switch",
                "position": 61,
                "size": 1
            }
        },
        {
            "name": "bulk_ar_ind",
            "type": "STRING",
            "nullable": true,
            "metadata": {
                "id": 62,
                "description": "Bulk AR Indicator",
                "position": 62,
                "size": 1
            }
        },
        {
            "name": "actn_cd",
            "type": "STRING",
            "nullable": true,
            "metadata": {
                "id": 63,
                "description": "Action Code",
                "position": 63,
                "size": 3
            }
        },
        {
            "name": "ar_grp_base",
            "type": "STRING",
            "nullable": true,
            "metadata": {
                "id": 64,
                "description": "AR Group Base",
                "position": 64,
                "size": 9
            }
        },
        {
            "name": "ar_grp_sect",
            "type": "STRING",
            "nullable": true,
            "metadata": {
                "id": 65,
                "description": "AR Group Section",
                "position": 65,
                "size": 4
            }
        },
        {
            "name": "par_non_par_cd",
            "type": "STRING",
            "nullable": true,
            "metadata": {
                "id": 66,
                "description": "Par Non-Par Code",
                "position": 66,
                "size": 2
            }
        },
        {
            "name": "pay_adj_cd",
            "type": "STRING",
            "nullable": true,
            "metadata": {
                "id": 67,
                "description": "Pay Adjustment Code",
                "position": 67,
                "size": 3
            }
        },
        {
            "name": "dispos_amt",
            "type": "DOUBLE",
            "nullable": true,
            "metadata": {
                "id": 68,
                "description": "Disposition Amount",
                "position": 68,
                "size": 11
            }
        },
        {
            "name": "dispos_dt",
            "type": "STRING",
            "nullable": true,
            "metadata": {
                "id": 69,
                "description": "Disposition Date",
                "position": 69,
                "size": 8
            }
        },
        {
            "name": "dispos_clerk_num",
            "type": "STRING",
            "nullable": true,
            "metadata": {
                "id": 70,
                "description": "Disposition Clerk Number",
                "position": 70,
                "size": 4
            }
        },
        {
            "name": "cr_cntrl_num",
            "type": "STRING",
            "nullable": true,
            "metadata": {
                "id": 71,
                "description": "CR Control Number",
                "position": 71,
                "size": 10
            }
        },
        {
            "name": "dispos_actn_pln",
            "type": "STRING",
            "nullable": true,
            "metadata": {
                "id": 72,
                "description": "Dispostion Action Plan",
                "position": 72,
                "size": 3
            }
        },
        {
            "name": "dispos_clm_num",
            "type": "STRING",
            "nullable": true,
            "metadata": {
                "id": 73,
                "description": "Dispostion Claim Number",
                "position": 73,
                "size": 16
            }
        },
        {
            "name": "dispos_sub_pln",
            "type": "STRING",
            "nullable": true,
            "metadata": {
                "id": 74,
                "description": "Disposition Subscriber Plan",
                "position": 74,
                "size": 3
            }
        },
        {
            "name": "dispos_mem_num",
            "type": "STRING",
            "nullable": true,
            "metadata": {
                "id": 75,
                "description": "Disposition Member Number",
                "position": 75,
                "size": 14
            }
        },
        {
            "name": "dispos_rsn_cd",
            "type": "STRING",
            "nullable": true,
            "metadata": {
                "id": 76,
                "description": "Disposition Reason Code",
                "position": 76,
                "size": 3
            }
        },
        {
            "name": "dispos_1099_cd",
            "type": "STRING",
            "nullable": true,
            "metadata": {
                "id": 77,
                "description": "Disposition 1099 Code",
                "position": 77,
                "size": 1
            }
        },
        {
            "name": "dispos_je_cd",
            "type": "STRING",
            "nullable": true,
            "metadata": {
                "id": 78,
                "description": "Disposition JE Code",
                "position": 78,
                "size": 1
            }
        },
        {
            "name": "dispos_je_dt",
            "type": "STRING",
            "nullable": true,
            "metadata": {
                "id": 79,
                "description": "Disposition JE Date",
                "position": 79,
                "size": 8
            }
        },
        {
            "name": "dispos_src",
            "type": "STRING",
            "nullable": true,
            "metadata": {
                "id": 80,
                "description": "Disposition Source",
                "position": 80,
                "size": 1
            }
        },
        {
            "name": "dispos_ar_typ",
            "type": "STRING",
            "nullable": true,
            "metadata": {
                "id": 81,
                "description": "Disposition AR Type",
                "position": 81,
                "size": 3
            }
        },
        {
            "name": "dispos_owner_pln",
            "type": "STRING",
            "nullable": true,
            "metadata": {
                "id": 82,
                "description": "Disposition Owner Plan",
                "position": 82,
                "size": 6
            }
        },
        {
            "name": "dispos_grp_superset_cd",
            "type": "STRING",
            "nullable": true,
            "metadata": {
                "id": 83,
                "description": "Disposition Group Superset Code",
                "position": 83,
                "size": 6
            }
        },
        {
            "name": "dispos_grp_groupset_cd",
            "type": "STRING",
            "nullable": true,
            "metadata": {
                "id": 84,
                "description": "Disposition Group Groupset Code",
                "position": 84,
                "size": 6
            }
        },
        {
            "name": "dispos_grp_svc_pln_cd",
            "type": "STRING",
            "nullable": true,
            "metadata": {
                "id": 85,
                "description": "Disposition Group Service Plan Code",
                "position": 85,
                "size": 6
            }
        },
        {
            "name": "dispos_grp_fund_pln_cd",
            "type": "STRING",
            "nullable": true,
            "metadata": {
                "id": 86,
                "description": "Disposition Group Fund Plan Code",
                "position": 86,
                "size": 4
            }
        },
        {
            "name": "dispos_actn_cd",
            "type": "STRING",
            "nullable": true,
            "metadata": {
                "id": 87,
                "description": "Disposition Action Code",
                "position": 87,
                "size": 3
            }
        },
        {
            "name": "bill_from_dt_trsform",
            "type": "TIMESTAMP",
            "nullable": false,
            "metadata": {
                "id": 88,
                "description": "",
                "position": 88,
                "size": 10
            }
        },
        {
            "name": "bill_to_dt_trsform",
            "type": "TIMESTAMP",
            "nullable": false,
            "metadata": {
                "id": 89,
                "description": "",
                "position": 89,
                "size": 10
            }
        },
        {
            "name": "chk_dt_trsform",
            "type": "TIMESTAMP",
            "nullable": false,
            "metadata": {
                "id": 90,
                "description": "",
                "position": 90,
                "size": 10
            }
        },
        {
            "name": "cntrct_dt_trsform",
            "type": "TIMESTAMP",
            "nullable": false,
            "metadata": {
                "id": 91,
                "description": "",
                "position": 91,
                "size": 10
            }
        },
        {
            "name": "setup_dt_trsform",
            "type": "TIMESTAMP",
            "nullable": false,
            "metadata": {
                "id": 92,
                "description": "",
                "position": 92,
                "size": 10
            }
        },
        {
            "name": "entry_dt_trsform",
            "type": "TIMESTAMP",
            "nullable": false,
            "metadata": {
                "id": 93,
                "description": "",
                "position": 93,
                "size": 10
            }
        },
        {
            "name": "je_dt_trsform",
            "type": "TIMESTAMP",
            "nullable": false,
            "metadata": {
                "id": 94,
                "description": "",
                "position": 94,
                "size": 10
            }
        },
        {
            "name": "updt_dt_trsform",
            "type": "TIMESTAMP",
            "nullable": false,
            "metadata": {
                "id": 95,
                "description": "",
                "position": 95,
                "size": 10
            }
        },
        {
            "name": "dispos_dt_trsform",
            "type": "TIMESTAMP",
            "nullable": false,
            "metadata": {
                "id": 96,
                "description": "",
                "position": 96,
                "size": 10
            }
        },
        {
            "name": "dispos_je_dt_trsform",
            "type": "TIMESTAMP",
            "nullable": false,
            "metadata": {
                "id": 97,
                "description": "",
                "position": 97,
                "size": 10
            }
        },
        {
            "name": "file_nm",
            "type": "STRING",
            "nullable": false,
            "metadata": {
                "id": 98,
                "description": "Data Source File Name",
                "position": 98,
                "size": 50
            }
        },
        {
            "name": "load_timestamp",
            "type": "TIMESTAMP",
            "nullable": false,
            "metadata": {
                "id": 99,
                "description": " Load Timestamp",
                "position": 99,
                "size": 0
            }
        },
        {
            "name": "feed_cycle",
            "type": "STRING",
            "nullable": false,
            "metadata": {
                "id": 100,
                "description": "Monthly Cycle Extracted from File Name",
                "position": 100,
                "size": 8
            }
        },
        {
            "name": "feed_dt",
            "type": "STRING",
            "nullable": false,
            "metadata": {
                "id": 101,
                "description": "Date Extracted from File Name",
                "position": 101,
                "size": 8
            }
        }
    ]
}
