{
    "name": "claim_sas_nasco_pca",
    "business_domain": "sas",
    "source_system_code": "nsc",
    "description": "This is Nasco PCA (Provider Compensation Adjustment) detail Record Extract from Nasco. This is received Monthly",
    "file_format": "FIXED",
    "delimiter": "",
    "file_naming_format": "(DEV|TEST|STG|PROD)_NASCO_PCA_d{8}.txt",
    "partition_keys": [
        "feed_dt"
    ],
    "ingest_type": "FILE",
    "multi_record_type_indicator": "",
    "multi_record_type_indicator_pos": "",
    "raw_schema": [
        {
            "name": "sub_plan",
            "type": "INTEGER",
            "nullable": true,
            "metadata": {
                "id": 1,
                "description": "Subscriber Plan Number",
                "position": 4,
                "size": 3
            }
        },
        {
            "name": "svc_plan",
            "type": "INTEGER",
            "nullable": true,
            "metadata": {
                "id": 2,
                "description": "Service Plan Number",
                "position": 9,
                "size": 3
            }
        },
        {
            "name": "subscriber",
            "type": "STRING",
            "nullable": true,
            "metadata": {
                "id": 3,
                "description": "Subscriber Number",
                "position": 13,
                "size": 13
            }
        },
        {
            "name": "icn",
            "type": "STRING",
            "nullable": true,
            "metadata": {
                "id": 4,
                "description": "Claim Number",
                "position": 27,
                "size": 14
            }
        },
        {
            "name": "fdos",
            "type": "STRING",
            "nullable": true,
            "metadata": {
                "id": 5,
                "description": "First day of Service",
                "position": 42,
                "size": 8
            }
        },
        {
            "name": "ldos",
            "type": "STRING",
            "nullable": true,
            "metadata": {
                "id": 6,
                "description": "Last day of Service",
                "position": 51,
                "size": 8
            }
        },
        {
            "name": "check_date",
            "type": "STRING",
            "nullable": true,
            "metadata": {
                "id": 7,
                "description": "Check Date",
                "position": 60,
                "size": 8
            }
        },
        {
            "name": "prov_num",
            "type": "STRING",
            "nullable": true,
            "metadata": {
                "id": 8,
                "description": "Provider Number",
                "position": 70,
                "size": 14
            }
        },
        {
            "name": "allowed_charges",
            "type": "STRING",
            "nullable": true,
            "metadata": {
                "id": 9,
                "description": "Allowed Charges",
                "position": 85,
                "size": 14
            }
        },
        {
            "name": "prov_comp_amt",
            "type": "STRING",
            "nullable": true,
            "metadata": {
                "id": 10,
                "description": "Provider Compensation Amount",
                "position": 100,
                "size": 14
            }
        },
        {
            "name": "prov_comp_pct",
            "type": "STRING",
            "nullable": true,
            "metadata": {
                "id": 11,
                "description": "Provider Compensation Percent",
                "position": 116,
                "size": 6
            }
        }
    ],
    "curate_schema": [
        {
            "name": "sub_pln_num",
            "type": "INTEGER",
            "nullable": true,
            "metadata": {
                "id": 1,
                "description": "Subscriber Plan Number",
                "position": 4,
                "size": 0
            }
        },
        {
            "name": "svc_pln_num",
            "type": "INTEGER",
            "nullable": true,
            "metadata": {
                "id": 2,
                "description": "Service Plan Number",
                "position": 9,
                "size": 0
            }
        },
        {
            "name": "sub_num",
            "type": "STRING",
            "nullable": true,
            "metadata": {
                "id": 3,
                "description": "Subscriber Number",
                "position": 13,
                "size": 13
            }
        },
        {
            "name": "clm_num",
            "type": "STRING",
            "nullable": true,
            "metadata": {
                "id": 4,
                "description": "Claim Number",
                "position": 27,
                "size": 14
            }
        },
        {
            "name": "frst_day_of_svc",
            "type": "TIMESTAMP",
            "nullable": true,
            "metadata": {
                "id": 5,
                "description": "First day of Service",
                "position": 42,
                "size": 0
            }
        },
        {
            "name": "lst_day_of_svc",
            "type": "TIMESTAMP",
            "nullable": true,
            "metadata": {
                "id": 6,
                "description": "Last day of Service",
                "position": 51,
                "size": 0
            }
        },
        {
            "name": "chk_dt",
            "type": "TIMESTAMP",
            "nullable": true,
            "metadata": {
                "id": 7,
                "description": "Check Date",
                "position": 60,
                "size": 0
            }
        },
        {
            "name": "prov_num",
            "type": "STRING",
            "nullable": true,
            "metadata": {
                "id": 8,
                "description": "Provider Number",
                "position": 70,
                "size": 14
            }
        },
        {
            "name": "allow_chrgs",
            "type": "DOUBLE",
            "nullable": true,
            "metadata": {
                "id": 9,
                "description": "Allowed Charges",
                "position": 85,
                "size": 0
            }
        },
        {
            "name": "prov_cmp_amt",
            "type": "DOUBLE",
            "nullable": true,
            "metadata": {
                "id": 10,
                "description": "Provider Compensation Amount",
                "position": 100,
                "size": 0
            }
        },
        {
            "name": "prov_cmp_pct",
            "type": "DOUBLE",
            "nullable": true,
            "metadata": {
                "id": 11,
                "description": "Provider Compensation Percent",
                "position": 116,
                "size": 0
            }
        },
        {
            "name": "file_nm",
            "type": "STRING",
            "nullable": false,
            "metadata": {
                "id": 12,
                "description": "Data Source File Name",
                "position": 0,
                "size": 40
            }
        },
        {
            "name": "load_timestamp",
            "type": "TIMESTAMP",
            "nullable": false,
            "metadata": {
                "id": 13,
                "description": "Load Timestamp",
                "position": 0,
                "size": 0
            }
        },
        {
            "name": "feed_dt",
            "type": "STRING",
            "nullable": false,
            "metadata": {
                "id": 14,
                "description": "Date Extracted from File Name",
                "position": 0,
                "size": 8
            }
        }
    ]
}
