{
    "name": "claim_sas_nasco_check_issue_header",
    "business_domain": "sas",
    "source_system_code": "nsc",
    "description": "This is Check Issue Header Record Extract from Nasco. This is received Monthly",
    "file_format": "FIXED",
    "delimiter": "",
    "file_naming_format": "(DEV|TEST|STG|PROD)_NASCO_CHECK_ISSUE_d{8}.txt",
    "partition_keys": [
        "feed_dt"
    ],
    "ingest_type": "MULTIRECORD FILE",
    "multi_record_type_indicator": "A",
    "multi_record_type_indicator_pos": 21,
    "raw_schema": [
        {
            "name": "key_counter",
            "type": "STRING",
            "nullable": true,
            "metadata": {
                "id": 1,
                "description": "Key Counter",
                "position": 1,
                "size": 9
            }
        },
        {
            "name": "record_type",
            "type": "STRING",
            "nullable": true,
            "metadata": {
                "id": 2,
                "description": "Record Type",
                "position": 21,
                "size": 1
            }
        },
        {
            "name": "record_id",
            "type": "STRING",
            "nullable": true,
            "metadata": {
                "id": 3,
                "description": "Record ID",
                "position": 22,
                "size": 6
            }
        },
        {
            "name": "route_code",
            "type": "STRING",
            "nullable": true,
            "metadata": {
                "id": 4,
                "description": "Route Code",
                "position": 28,
                "size": 9
            }
        },
        {
            "name": "account_number",
            "type": "STRING",
            "nullable": true,
            "metadata": {
                "id": 5,
                "description": "Account Number",
                "position": 37,
                "size": 15
            }
        },
        {
            "name": "extract_date",
            "type": "STRING",
            "nullable": true,
            "metadata": {
                "id": 6,
                "description": "Date on which extract file got generated from nasco",
                "position": 64,
                "size": 6
            }
        }
    ],
    "curate_schema": [
        {
            "name": "key_countr",
            "type": "STRING",
            "nullable": true,
            "metadata": {
                "id": 1,
                "description": "Key Counter",
                "position": 1,
                "size": 9
            }
        },
        {
            "name": "rcrd_typ",
            "type": "STRING",
            "nullable": true,
            "metadata": {
                "id": 2,
                "description": "Record Type",
                "position": 21,
                "size": 1
            }
        },
        {
            "name": "rcrd_id",
            "type": "STRING",
            "nullable": true,
            "metadata": {
                "id": 3,
                "description": "Record ID",
                "position": 22,
                "size": 6
            }
        },
        {
            "name": "route_cd",
            "type": "STRING",
            "nullable": true,
            "metadata": {
                "id": 4,
                "description": "Route Code",
                "position": 28,
                "size": 9
            }
        },
        {
            "name": "acct_num",
            "type": "STRING",
            "nullable": true,
            "metadata": {
                "id": 5,
                "description": "Account Number",
                "position": 37,
                "size": 15
            }
        },
        {
            "name": "extrct_dt",
            "type": "TIMESTAMP",
            "nullable": true,
            "metadata": {
                "id": 6,
                "description": "Date on which extract file got generated from nasco",
                "position": 64,
                "size": 6
            }
        },
        {
            "name": "file_nm",
            "type": "STRING",
            "nullable": false,
            "metadata": {
                "id": 7,
                "description": "Data Source File Name",
                "position": 0,
                "size": 50
            }
        },
        {
            "name": "load_timestamp",
            "type": "TIMESTAMP",
            "nullable": false,
            "metadata": {
                "id": 8,
                "description": "Load Timestamp",
                "position": 0,
                "size": 0
            }
        },
        {
            "name": "feed_dt",
            "type": "STRING",
            "nullable": false,
            "metadata": {
                "id": 9,
                "description": "Date Extracted from File Name",
                "position": 0,
                "size": 8
            }
        }
    ]
}
