{
    "name": "claim_sas_nasco_check_issue_fund",
    "business_domain": "sas",
    "source_system_code": "nsc",
    "description": "This is Check Issue Fund Record Extract from Nasco. This is received Monthly",
    "file_format": "FIXED",
    "delimiter": "",
    "file_naming_format": "(DEV|TEST|STG|PROD)_NASCO_CHECK_ISSUE_d{8}.txt",
    "partition_keys": [
        "feed_dt"
    ],
    "ingest_type": "MULTIRECORD FILE",
    "multi_record_type_indicator": "F",
    "multi_record_type_indicator_pos": 21,
    "raw_schema": [
        {
            "name": "key_counter",
            "type": "STRING",
            "nullable": true,
            "metadata": {
                "id": 1,
                "description": "Key Counter",
                "position": 1,
                "size": 9
            }
        },
        {
            "name": "check_number",
            "type": "STRING",
            "nullable": true,
            "metadata": {
                "id": 2,
                "description": "Check Number",
                "position": 10,
                "size": 11
            }
        },
        {
            "name": "record_type",
            "type": "STRING",
            "nullable": true,
            "metadata": {
                "id": 3,
                "description": "Record Type",
                "position": 21,
                "size": 1
            }
        },
        {
            "name": "owner_plan",
            "type": "STRING",
            "nullable": true,
            "metadata": {
                "id": 4,
                "description": "Owner Plan",
                "position": 22,
                "size": 3
            }
        },
        {
            "name": "super_set",
            "type": "STRING",
            "nullable": true,
            "metadata": {
                "id": 5,
                "description": "Super Set",
                "position": 25,
                "size": 5
            }
        },
        {
            "name": "route_code",
            "type": "STRING",
            "nullable": true,
            "metadata": {
                "id": 6,
                "description": "Route Code",
                "position": 30,
                "size": 9
            }
        },
        {
            "name": "account_number",
            "type": "STRING",
            "nullable": true,
            "metadata": {
                "id": 7,
                "description": "Account Number",
                "position": 39,
                "size": 15
            }
        },
        {
            "name": "disbursement_amount",
            "type": "LONG",
            "nullable": true,
            "metadata": {
                "id": 8,
                "description": "Disbursement Amount",
                "position": 54,
                "size": 11
            }
        },
        {
            "name": "return_amount",
            "type": "LONG",
            "nullable": true,
            "metadata": {
                "id": 9,
                "description": "Return Amount",
                "position": 67,
                "size": 11
            }
        },
        {
            "name": "funding_set",
            "type": "STRING",
            "nullable": true,
            "metadata": {
                "id": 10,
                "description": "Funding Set",
                "position": 78,
                "size": 3
            }
        },
        {
            "name": "check_type",
            "type": "STRING",
            "nullable": true,
            "metadata": {
                "id": 11,
                "description": "Check Type",
                "position": 81,
                "size": 1
            }
        }
    ],
    "curate_schema": [
        {
            "name": "key_countr",
            "type": "STRING",
            "nullable": true,
            "metadata": {
                "id": 1,
                "description": "Key Counter",
                "position": 1,
                "size": 9
            }
        },
        {
            "name": "chk_num",
            "type": "STRING",
            "nullable": true,
            "metadata": {
                "id": 2,
                "description": "Check Number",
                "position": 10,
                "size": 11
            }
        },
        {
            "name": "rcrd_typ",
            "type": "STRING",
            "nullable": true,
            "metadata": {
                "id": 3,
                "description": "Record Type",
                "position": 21,
                "size": 1
            }
        },
        {
            "name": "owner_pln",
            "type": "STRING",
            "nullable": true,
            "metadata": {
                "id": 4,
                "description": "Owner Plan",
                "position": 22,
                "size": 3
            }
        },
        {
            "name": "superset",
            "type": "STRING",
            "nullable": true,
            "metadata": {
                "id": 5,
                "description": "Super Set",
                "position": 25,
                "size": 5
            }
        },
        {
            "name": "route_cd",
            "type": "STRING",
            "nullable": true,
            "metadata": {
                "id": 6,
                "description": "Route Code",
                "position": 30,
                "size": 9
            }
        },
        {
            "name": "acct_num",
            "type": "STRING",
            "nullable": true,
            "metadata": {
                "id": 7,
                "description": "Account Number",
                "position": 39,
                "size": 15
            }
        },
        {
            "name": "disbmt_amt",
            "type": "DOUBLE",
            "nullable": true,
            "metadata": {
                "id": 8,
                "description": "Disbursement Amount",
                "position": 54,
                "size": 11
            }
        },
        {
            "name": "rtrn_amt",
            "type": "DOUBLE",
            "nullable": true,
            "metadata": {
                "id": 9,
                "description": "Return Amount",
                "position": 67,
                "size": 11
            }
        },
        {
            "name": "fundset",
            "type": "STRING",
            "nullable": true,
            "metadata": {
                "id": 10,
                "description": "Funding Set",
                "position": 78,
                "size": 3
            }
        },
        {
            "name": "chk_typ",
            "type": "STRING",
            "nullable": true,
            "metadata": {
                "id": 11,
                "description": "Check Type",
                "position": 81,
                "size": 1
            }
        },
        {
            "name": "file_nm",
            "type": "STRING",
            "nullable": false,
            "metadata": {
                "id": 12,
                "description": "Data Source File Name",
                "position": 0,
                "size": 50
            }
        },
        {
            "name": "load_timestamp",
            "type": "TIMESTAMP",
            "nullable": false,
            "metadata": {
                "id": 13,
                "description": "Load Timestamp",
                "position": 1,
                "size": 0
            }
        },
        {
            "name": "feed_dt",
            "type": "STRING",
            "nullable": false,
            "metadata": {
                "id": 14,
                "description": "Date Extracted from File Name",
                "position": 0,
                "size": 8
            }
        }
    ]
}
