{
    "name": "claim_sas_nasco_daily_cash_header",
    "business_domain": "sas",
    "source_system_code": "nsc",
    "description": "This is Cash Header Record Extract from Nasco. This is received Daily",
    "file_format": "DELIMITED",
    "delimiter": "|",
    "file_naming_format": "(DEV|TEST|STG|PROD)_NASCO_DAILY_CASH_HEADER_d{8}.txt",
    "partition_keys": ["feed_cycle","feed_dt"],
    "ingest_type": "FILE",
    "multi_record_type_indicator": "",
    "multi_record_type_indicator_pos": "",
    "raw_schema": [
        {
            "name": "control_plan_number",
            "type": "STRING",
            "nullable": true,
            "metadata": {
                "id": 1,
                "description": "Control Plan Number",
                "position": 1,
                "size": 3
            }
        },
        {
            "name": "lh_80_filler",
            "type": "STRING",
            "nullable": true,
            "metadata": {
                "id": 2,
                "description": "lh-80-filler",
                "position": 2,
                "size": 3
            }
        },
        {
            "name": "file_code",
            "type": "STRING",
            "nullable": true,
            "metadata": {
                "id": 3,
                "description": "File Code",
                "position": 3,
                "size": 2
            }
        },
        {
            "name": "key_filler",
            "type": "STRING",
            "nullable": true,
            "metadata": {
                "id": 4,
                "description": "Key Filler",
                "position": 4,
                "size": 18
            }
        },
        {
            "name": "key_field",
            "type": "STRING",
            "nullable": true,
            "metadata": {
                "id": 5,
                "description": "Key Field",
                "position": 5,
                "size": 4
            }
        },
        {
            "name": "run_date_jul",
            "type": "STRING",
            "nullable": true,
            "metadata": {
                "id": 6,
                "description": "Run Date Julian (yyday)",
                "position": 6,
                "size": 5
            }
        },
        {
            "name": "post_date_jul",
            "type": "STRING",
            "nullable": true,
            "metadata": {
                "id": 7,
                "description": "Post Date Julian (yyday)",
                "position": 7,
                "size": 5
            }
        },
        {
            "name": "current_account_per",
            "type": "STRING",
            "nullable": true,
            "metadata": {
                "id": 8,
                "description": "Current Account Per (yymm)",
                "position": 8,
                "size": 4
            }
        },
        {
            "name": "current_account_per_x",
            "type": "STRING",
            "nullable": true,
            "metadata": {
                "id": 9,
                "description": "Current Account Per X (yymm)",
                "position": 9,
                "size": 4
            }
        },
        {
            "name": "current_account_year",
            "type": "STRING",
            "nullable": true,
            "metadata": {
                "id": 10,
                "description": "Current Account Year (yy)",
                "position": 10,
                "size": 2
            }
        },
        {
            "name": "current_account_month",
            "type": "STRING",
            "nullable": true,
            "metadata": {
                "id": 11,
                "description": "Current Account Month (mm)",
                "position": 11,
                "size": 2
            }
        },
        {
            "name": "rev_run",
            "type": "STRING",
            "nullable": true,
            "metadata": {
                "id": 12,
                "description": "Rev Run",
                "position": 12,
                "size": 1
            }
        },
        {
            "name": "phase",
            "type": "STRING",
            "nullable": true,
            "metadata": {
                "id": 13,
                "description": "Phase 2",
                "position": 13,
                "size": 1
            }
        },
        {
            "name": "close_cycle",
            "type": "STRING",
            "nullable": true,
            "metadata": {
                "id": 14,
                "description": "Close Cycle",
                "position": 14,
                "size": 1
            }
        },
        {
            "name": "keytapes",
            "type": "STRING",
            "nullable": true,
            "metadata": {
                "id": 15,
                "description": "keytapes",
                "position": 15,
                "size": 1
            }
        },
        {
            "name": "claim_dispos_std",
            "type": "STRING",
            "nullable": true,
            "metadata": {
                "id": 16,
                "description": "Claim Disposition Std",
                "position": 16,
                "size": 1
            }
        },
        {
            "name": "claim_dispos_cal",
            "type": "STRING",
            "nullable": true,
            "metadata": {
                "id": 17,
                "description": "Claim Disposition Cal",
                "position": 17,
                "size": 1
            }
        },
        {
            "name": "claim_nat",
            "type": "STRING",
            "nullable": true,
            "metadata": {
                "id": 18,
                "description": "Claim Nat",
                "position": 18,
                "size": 1
            }
        },
        {
            "name": "claim_new_std",
            "type": "STRING",
            "nullable": true,
            "metadata": {
                "id": 19,
                "description": "Claim New Std",
                "position": 19,
                "size": 1
            }
        },
        {
            "name": "claim_new_cal",
            "type": "STRING",
            "nullable": true,
            "metadata": {
                "id": 20,
                "description": "Claim New Cal",
                "position": 20,
                "size": 1
            }
        },
        {
            "name": "bofa",
            "type": "STRING",
            "nullable": true,
            "metadata": {
                "id": 21,
                "description": "bofa",
                "position": 21,
                "size": 1
            }
        },
        {
            "name": "wf",
            "type": "STRING",
            "nullable": true,
            "metadata": {
                "id": 22,
                "description": "wf",
                "position": 22,
                "size": 1
            }
        },
        {
            "name": "bsom",
            "type": "STRING",
            "nullable": true,
            "metadata": {
                "id": 23,
                "description": "bsom",
                "position": 23,
                "size": 1
            }
        },
        {
            "name": "ipdr",
            "type": "STRING",
            "nullable": true,
            "metadata": {
                "id": 24,
                "description": "ipdr",
                "position": 24,
                "size": 1
            }
        },
        {
            "name": "lockbox",
            "type": "STRING",
            "nullable": true,
            "metadata": {
                "id": 25,
                "description": "Lockbox",
                "position": 25,
                "size": 1
            }
        },
        {
            "name": "pers_active",
            "type": "STRING",
            "nullable": true,
            "metadata": {
                "id": 26,
                "description": "Pers Active",
                "position": 26,
                "size": 1
            }
        },
        {
            "name": "pers_retire",
            "type": "STRING",
            "nullable": true,
            "metadata": {
                "id": 27,
                "description": "Pers Retire",
                "position": 27,
                "size": 1
            }
        },
        {
            "name": "mc_auto_ar",
            "type": "STRING",
            "nullable": true,
            "metadata": {
                "id": 28,
                "description": "MC AUTO AR",
                "position": 28,
                "size": 1
            }
        },
        {
            "name": "pers_date",
            "type": "STRING",
            "nullable": true,
            "metadata": {
                "id": 29,
                "description": "Pers Date",
                "position": 29,
                "size": 6
            }
        },
        {
            "name": "nat_disallows",
            "type": "STRING",
            "nullable": true,
            "metadata": {
                "id": 30,
                "description": "NAT Disallows",
                "position": 30,
                "size": 1
            }
        },
        {
            "name": "bill_indicator",
            "type": "STRING",
            "nullable": true,
            "metadata": {
                "id": 31,
                "description": "Bill Indicator",
                "position": 31,
                "size": 1
            }
        },
        {
            "name": "claim_1099_lob",
            "type": "STRING",
            "nullable": true,
            "metadata": {
                "id": 32,
                "description": "Claim 1099 LOB",
                "position": 32,
                "size": 1
            }
        },
        {
            "name": "customer_number",
            "type": "STRING",
            "nullable": true,
            "metadata": {
                "id": 33,
                "description": "Customer Number",
                "position": 33,
                "size": 3
            }
        },
        {
            "name": "customer_name",
            "type": "STRING",
            "nullable": true,
            "metadata": {
                "id": 34,
                "description": "Customer Name",
                "position": 34,
                "size": 31
            }
        },
        {
            "name": "last_workday_sw",
            "type": "STRING",
            "nullable": true,
            "metadata": {
                "id": 35,
                "description": "Last Workday SW",
                "position": 35,
                "size": 1
            }
        },
        {
            "name": "first_workday_sw",
            "type": "STRING",
            "nullable": true,
            "metadata": {
                "id": 36,
                "description": "First Workday SW",
                "position": 36,
                "size": 1
            }
        },
        {
            "name": "month_end_sw",
            "type": "STRING",
            "nullable": true,
            "metadata": {
                "id": 37,
                "description": "Month End SW",
                "position": 37,
                "size": 1
            }
        },
        {
            "name": "run_date",
            "type": "STRING",
            "nullable": true,
            "metadata": {
                "id": 38,
                "description": "Run Date  (yymmdd)",
                "position": 38,
                "size": 7
            }
        },
        {
            "name": "run_date_month",
            "type": "STRING",
            "nullable": true,
            "metadata": {
                "id": 39,
                "description": "Run Date Month (mm)",
                "position": 39,
                "size": 2
            }
        },
        {
            "name": "post_date",
            "type": "STRING",
            "nullable": true,
            "metadata": {
                "id": 40,
                "description": "Post Date (yymmdd)",
                "position": 40,
                "size": 7
            }
        },
        {
            "name": "post_date_month",
            "type": "STRING",
            "nullable": true,
            "metadata": {
                "id": 41,
                "description": "Post Date Month (mm)",
                "position": 41,
                "size": 2
            }
        },
        {
            "name": "current_start_date",
            "type": "STRING",
            "nullable": true,
            "metadata": {
                "id": 42,
                "description": "Current Start Date (yymmdd)",
                "position": 42,
                "size": 7
            }
        },
        {
            "name": "current_end_date",
            "type": "STRING",
            "nullable": true,
            "metadata": {
                "id": 43,
                "description": "Current End Date (yymmdd)",
                "position": 43,
                "size": 7
            }
        },
        {
            "name": "current_year_month",
            "type": "STRING",
            "nullable": true,
            "metadata": {
                "id": 44,
                "description": "Current Year Month (yymm)",
                "position": 44,
                "size": 5
            }
        },
        {
            "name": "current_pers_date",
            "type": "STRING",
            "nullable": true,
            "metadata": {
                "id": 45,
                "description": "Current Pers Date (yymmdd)",
                "position": 45,
                "size": 7
            }
        },
        {
            "name": "time_of_day",
            "type": "STRING",
            "nullable": true,
            "metadata": {
                "id": 46,
                "description": "Time of Day",
                "position": 46,
                "size": 10
            }
        },
        {
            "name": "day_of_week",
            "type": "STRING",
            "nullable": true,
            "metadata": {
                "id": 47,
                "description": "Day of Week",
                "position": 47,
                "size": 2
            }
        },
        {
            "name": "run_date_standard",
            "type": "STRING",
            "nullable": true,
            "metadata": {
                "id": 48,
                "description": "Run Date Standard (yyyymmdd)",
                "position": 48,
                "size": 10
            }
        },
        {
            "name": "post_date_standard",
            "type": "STRING",
            "nullable": true,
            "metadata": {
                "id": 49,
                "description": "Post Date Standard (yyyymmdd)",
                "position": 49,
                "size": 10
            }
        },
        {
            "name": "current_start_date_standard",
            "type": "STRING",
            "nullable": true,
            "metadata": {
                "id": 50,
                "description": "Current Start Date Standard (yyyymmdd)",
                "position": 50,
                "size": 10
            }
        },
        {
            "name": "current_end_date_standard",
            "type": "STRING",
            "nullable": true,
            "metadata": {
                "id": 51,
                "description": "Current End Date Standard (yyyymmdd)",
                "position": 51,
                "size": 10
            }
        },
        {
            "name": "current_account_per_standard",
            "type": "STRING",
            "nullable": true,
            "metadata": {
                "id": 52,
                "description": "Current Account Per Standard (yyyymm)",
                "position": 52,
                "size": 8
            }
        },
        {
            "name": "current_century_year",
            "type": "STRING",
            "nullable": true,
            "metadata": {
                "id": 53,
                "description": "Current Century Year (yyyy)",
                "position": 53,
                "size": 4
            }
        }
    ],
    "curate_schema": [
        {
            "name": "cntrl_pln_num",
            "type": "STRING",
            "nullable": true,
            "metadata": {
                "id": 1,
                "description": "Control Plan Number",
                "position": 1,
                "size": 3
            }
        },
        {
            "name": "lh_80_filler",
            "type": "STRING",
            "nullable": true,
            "metadata": {
                "id": 2,
                "description": "lh-80-filler",
                "position": 2,
                "size": 3
            }
        },
        {
            "name": "file_cd",
            "type": "STRING",
            "nullable": true,
            "metadata": {
                "id": 3,
                "description": "File Code",
                "position": 3,
                "size": 2
            }
        },
        {
            "name": "key_filler",
            "type": "STRING",
            "nullable": true,
            "metadata": {
                "id": 4,
                "description": "Key Filler",
                "position": 4,
                "size": 18
            }
        },
        {
            "name": "key_fld",
            "type": "STRING",
            "nullable": true,
            "metadata": {
                "id": 5,
                "description": "Key Field",
                "position": 5,
                "size": 4
            }
        },
        {
            "name": "run_dt_jul",
            "type": "STRING",
            "nullable": true,
            "metadata": {
                "id": 6,
                "description": "Run Date Julian (yyday)",
                "position": 6,
                "size": 5
            }
        },
        {
            "name": "post_dt_jul",
            "type": "STRING",
            "nullable": true,
            "metadata": {
                "id": 7,
                "description": "Post Date Julian (yyday)",
                "position": 7,
                "size": 5
            }
        },
        {
            "name": "curr_acct_per",
            "type": "STRING",
            "nullable": true,
            "metadata": {
                "id": 8,
                "description": "Current Account Per (yymm)",
                "position": 8,
                "size": 4
            }
        },
        {
            "name": "curr_acct_per_x",
            "type": "STRING",
            "nullable": true,
            "metadata": {
                "id": 9,
                "description": "Current Account Per X (yymm)",
                "position": 9,
                "size": 4
            }
        },
        {
            "name": "curr_acct_yr",
            "type": "STRING",
            "nullable": true,
            "metadata": {
                "id": 10,
                "description": "Current Account Year (yy)",
                "position": 10,
                "size": 2
            }
        },
        {
            "name": "curr_acct_mnth",
            "type": "STRING",
            "nullable": true,
            "metadata": {
                "id": 11,
                "description": "Current Account Month (mm)",
                "position": 11,
                "size": 2
            }
        },
        {
            "name": "rev_run",
            "type": "STRING",
            "nullable": true,
            "metadata": {
                "id": 12,
                "description": "Rev Run",
                "position": 12,
                "size": 1
            }
        },
        {
            "name": "phase",
            "type": "STRING",
            "nullable": true,
            "metadata": {
                "id": 13,
                "description": "Phase 2",
                "position": 13,
                "size": 1
            }
        },
        {
            "name": "close_cycle",
            "type": "STRING",
            "nullable": true,
            "metadata": {
                "id": 14,
                "description": "Close Cycle",
                "position": 14,
                "size": 1
            }
        },
        {
            "name": "keytapes",
            "type": "STRING",
            "nullable": true,
            "metadata": {
                "id": 15,
                "description": "keytapes",
                "position": 15,
                "size": 1
            }
        },
        {
            "name": "clm_dispos_std",
            "type": "STRING",
            "nullable": true,
            "metadata": {
                "id": 16,
                "description": "Claim Disposition Std",
                "position": 16,
                "size": 1
            }
        },
        {
            "name": "clm_dispos_cal",
            "type": "STRING",
            "nullable": true,
            "metadata": {
                "id": 17,
                "description": "Claim Disposition Cal",
                "position": 17,
                "size": 1
            }
        },
        {
            "name": "clm_nat",
            "type": "STRING",
            "nullable": true,
            "metadata": {
                "id": 18,
                "description": "Claim Nat",
                "position": 18,
                "size": 1
            }
        },
        {
            "name": "clm_new_std",
            "type": "STRING",
            "nullable": true,
            "metadata": {
                "id": 19,
                "description": "Claim New Std",
                "position": 19,
                "size": 1
            }
        },
        {
            "name": "clm_new_cal",
            "type": "STRING",
            "nullable": true,
            "metadata": {
                "id": 20,
                "description": "Claim New Cal",
                "position": 20,
                "size": 1
            }
        },
        {
            "name": "bofa",
            "type": "STRING",
            "nullable": true,
            "metadata": {
                "id": 21,
                "description": "bofa",
                "position": 21,
                "size": 1
            }
        },
        {
            "name": "wf",
            "type": "STRING",
            "nullable": true,
            "metadata": {
                "id": 22,
                "description": "wf",
                "position": 22,
                "size": 1
            }
        },
        {
            "name": "bsom",
            "type": "STRING",
            "nullable": true,
            "metadata": {
                "id": 23,
                "description": "bsom",
                "position": 23,
                "size": 1
            }
        },
        {
            "name": "ipdr",
            "type": "STRING",
            "nullable": true,
            "metadata": {
                "id": 24,
                "description": "ipdr",
                "position": 24,
                "size": 1
            }
        },
        {
            "name": "lockbox",
            "type": "STRING",
            "nullable": true,
            "metadata": {
                "id": 25,
                "description": "Lockbox",
                "position": 25,
                "size": 1
            }
        },
        {
            "name": "pers_actv",
            "type": "STRING",
            "nullable": true,
            "metadata": {
                "id": 26,
                "description": "Pers Active",
                "position": 26,
                "size": 1
            }
        },
        {
            "name": "pers_retire",
            "type": "STRING",
            "nullable": true,
            "metadata": {
                "id": 27,
                "description": "Pers Retire",
                "position": 27,
                "size": 1
            }
        },
        {
            "name": "mc_auto_ar",
            "type": "STRING",
            "nullable": true,
            "metadata": {
                "id": 28,
                "description": "MC AUTO AR",
                "position": 28,
                "size": 1
            }
        },
        {
            "name": "pers_dt",
            "type": "STRING",
            "nullable": true,
            "metadata": {
                "id": 29,
                "description": "Pers Date",
                "position": 29,
                "size": 6
            }
        },
        {
            "name": "nat_disallows",
            "type": "STRING",
            "nullable": true,
            "metadata": {
                "id": 30,
                "description": "NAT Disallows",
                "position": 30,
                "size": 1
            }
        },
        {
            "name": "bill_ind",
            "type": "STRING",
            "nullable": true,
            "metadata": {
                "id": 31,
                "description": "Bill Indicator",
                "position": 31,
                "size": 1
            }
        },
        {
            "name": "clm_1099_lob",
            "type": "STRING",
            "nullable": true,
            "metadata": {
                "id": 32,
                "description": "Claim 1099 LOB",
                "position": 32,
                "size": 1
            }
        },
        {
            "name": "cust_num",
            "type": "STRING",
            "nullable": true,
            "metadata": {
                "id": 33,
                "description": "Customer Number",
                "position": 33,
                "size": 3
            }
        },
        {
            "name": "cust_nm",
            "type": "STRING",
            "nullable": true,
            "metadata": {
                "id": 34,
                "description": "Customer Name",
                "position": 34,
                "size": 31
            }
        },
        {
            "name": "lst_workday_sw",
            "type": "STRING",
            "nullable": true,
            "metadata": {
                "id": 35,
                "description": "Last Workday SW",
                "position": 35,
                "size": 1
            }
        },
        {
            "name": "frst_workday_sw",
            "type": "STRING",
            "nullable": true,
            "metadata": {
                "id": 36,
                "description": "First Workday SW",
                "position": 36,
                "size": 1
            }
        },
        {
            "name": "mnth_end_sw",
            "type": "STRING",
            "nullable": true,
            "metadata": {
                "id": 37,
                "description": "Month End SW",
                "position": 37,
                "size": 1
            }
        },
        {
            "name": "run_dt",
            "type": "STRING",
            "nullable": true,
            "metadata": {
                "id": 38,
                "description": "Run Date  (yymmdd)",
                "position": 38,
                "size": 7
            }
        },
        {
            "name": "run_dt_mnth",
            "type": "STRING",
            "nullable": true,
            "metadata": {
                "id": 39,
                "description": "Run Date Month (mm)",
                "position": 39,
                "size": 2
            }
        },
        {
            "name": "post_dt",
            "type": "STRING",
            "nullable": true,
            "metadata": {
                "id": 40,
                "description": "Post Date (yymmdd)",
                "position": 40,
                "size": 7
            }
        },
        {
            "name": "post_dt_mnth",
            "type": "STRING",
            "nullable": true,
            "metadata": {
                "id": 41,
                "description": "Post Date Month (mm)",
                "position": 41,
                "size": 2
            }
        },
        {
            "name": "curr_start_dt",
            "type": "STRING",
            "nullable": true,
            "metadata": {
                "id": 42,
                "description": "Current Start Date (yymmdd)",
                "position": 42,
                "size": 7
            }
        },
        {
            "name": "curr_end_dt",
            "type": "STRING",
            "nullable": true,
            "metadata": {
                "id": 43,
                "description": "Current End Date (yymmdd)",
                "position": 43,
                "size": 7
            }
        },
        {
            "name": "curr_yr_mnth",
            "type": "STRING",
            "nullable": true,
            "metadata": {
                "id": 44,
                "description": "Current Year Month (yymm)",
                "position": 44,
                "size": 5
            }
        },
        {
            "name": "curr_pers_dt",
            "type": "STRING",
            "nullable": true,
            "metadata": {
                "id": 45,
                "description": "Current Pers Date (yymmdd)",
                "position": 45,
                "size": 7
            }
        },
        {
            "name": "time_of_day",
            "type": "STRING",
            "nullable": true,
            "metadata": {
                "id": 46,
                "description": "Time of Day",
                "position": 46,
                "size": 10
            }
        },
        {
            "name": "day_of_week",
            "type": "STRING",
            "nullable": true,
            "metadata": {
                "id": 47,
                "description": "Day of Week",
                "position": 47,
                "size": 2
            }
        },
        {
            "name": "run_dt_stdrd",
            "type": "TIMESTAMP",
            "nullable": true,
            "metadata": {
                "id": 48,
                "description": "Run Date Standard (yyyymmdd)",
                "position": 48,
                "size": 10
            }
        },
        {
            "name": "post_dt_stdrd",
            "type": "TIMESTAMP",
            "nullable": true,
            "metadata": {
                "id": 49,
                "description": "Post Date Standard (yyyymmdd)",
                "position": 49,
                "size": 10
            }
        },
        {
            "name": "curr_start_dt_stdrd",
            "type": "TIMESTAMP",
            "nullable": true,
            "metadata": {
                "id": 50,
                "description": "Current Start Date Standard (yyyymmdd)",
                "position": 50,
                "size": 10
            }
        },
        {
            "name": "curr_end_dt_stdrd",
            "type": "TIMESTAMP",
            "nullable": true,
            "metadata": {
                "id": 51,
                "description": "Current End Date Standard (yyyymmdd)",
                "position": 51,
                "size": 10
            }
        },
        {
            "name": "curr_acct_per_stdrd",
            "type": "STRING",
            "nullable": true,
            "metadata": {
                "id": 52,
                "description": "Current Account Per Standard (yyyymm)",
                "position": 52,
                "size": 8
            }
        },
        {
            "name": "curr_cntury_yr",
            "type": "STRING",
            "nullable": true,
            "metadata": {
                "id": 53,
                "description": "Current Century Year (yyyy)",
                "position": 53,
                "size": 4
            }
        },
        {
            "name": "file_nm",
            "type": "STRING",
            "nullable": false,
            "metadata": {
                "id": 54,
                "description": "Data Source File Name",
                "position": 54,
                "size": 50
            }
        },
        {
            "name": "load_timestamp",
            "type": "TIMESTAMP",
            "nullable": false,
            "metadata": {
                "id": 55,
                "description": "Load Timestamp",
                "position": 55,
                "size": 0
            }
        },
	{
            "name": "feed_cycle",
            "type": "STRING",
            "nullable": false,
            "metadata": {
                "id": 56,
                "description": "Daily Cycle Extracted from File Name",
                "position": 56,
                "size": 8
            }
        },
        {
            "name": "feed_dt",
            "type": "STRING",
            "nullable": false,
            "metadata": {
                "id": 57,
                "description": "Date Extracted from File Name",
                "position": 57,
                "size": 8
            }
        }
    ]
}
